--
-- File generated with SQLiteStudio v3.4.3 on Paz Mar 5 21:12:44 2023
--
-- Text encoding used: System
--
PRAGMA foreign_keys = off;
BEGIN TRANSACTION;

-- Table: islem
CREATE TABLE IF NOT EXISTS islem (islemno INTEGER PRIMARY KEY AUTOINCREMENT, ogrno tinyint (4) DEFAULT NULL REFERENCES ogrenci (ogrno), kitapno tinyint (4) DEFAULT NULL REFERENCES kitap (kitapno), atarih varchar (19) DEFAULT NULL, vtarih varchar (19) DEFAULT NULL);
INSERT INTO islem (islemno, ogrno, kitapno, atarih, vtarih) VALUES (853, 40, 12, '2007-10-13 00:00:00', '2007-10-22 00:00:00');
INSERT INTO islem (islemno, ogrno, kitapno, atarih, vtarih) VALUES (854, 72, 14, '2007-10-14 00:00:00', '2007-10-28 00:00:00');
INSERT INTO islem (islemno, ogrno, kitapno, atarih, vtarih) VALUES (855, 95, 38, '2007-10-15 00:00:00', '2007-11-03 00:00:00');
INSERT INTO islem (islemno, ogrno, kitapno, atarih, vtarih) VALUES (856, 22, 21, '2007-10-15 00:00:00', '2007-10-15 00:00:00');
INSERT INTO islem (islemno, ogrno, kitapno, atarih, vtarih) VALUES (857, 45, 38, '2007-10-17 00:00:00', '2007-10-19 00:00:00');
INSERT INTO islem (islemno, ogrno, kitapno, atarih, vtarih) VALUES (858, 91, 10, '2007-10-17 00:00:00', '2007-10-18 00:00:00');
INSERT INTO islem (islemno, ogrno, kitapno, atarih, vtarih) VALUES (859, 51, 14, '2007-10-18 00:00:00', '2007-10-20 00:00:00');
INSERT INTO islem (islemno, ogrno, kitapno, atarih, vtarih) VALUES (860, 99, 38, '2007-10-18 00:00:00', '2007-10-27 00:00:00');
INSERT INTO islem (islemno, ogrno, kitapno, atarih, vtarih) VALUES (861, 44, 24, '2007-10-19 00:00:00', '2007-10-31 00:00:00');
INSERT INTO islem (islemno, ogrno, kitapno, atarih, vtarih) VALUES (862, 47, 21, '2007-10-20 00:00:00', '2007-11-10 00:00:00');
INSERT INTO islem (islemno, ogrno, kitapno, atarih, vtarih) VALUES (863, 72, 12, '2007-10-21 00:00:00', '2007-11-12 00:00:00');
INSERT INTO islem (islemno, ogrno, kitapno, atarih, vtarih) VALUES (864, 43, 42, '2007-10-21 00:00:00', '2007-11-02 00:00:00');
INSERT INTO islem (islemno, ogrno, kitapno, atarih, vtarih) VALUES (865, 8, 19, '2007-10-22 00:00:00', '2007-10-25 00:00:00');
INSERT INTO islem (islemno, ogrno, kitapno, atarih, vtarih) VALUES (866, 38, 25, '2007-10-23 00:00:00', '2007-11-06 00:00:00');
INSERT INTO islem (islemno, ogrno, kitapno, atarih, vtarih) VALUES (867, 92, 27, '2007-10-23 00:00:00', '2007-11-03 00:00:00');
INSERT INTO islem (islemno, ogrno, kitapno, atarih, vtarih) VALUES (868, 48, 17, '2007-10-23 00:00:00', '2007-11-03 00:00:00');
INSERT INTO islem (islemno, ogrno, kitapno, atarih, vtarih) VALUES (869, 4, 25, '2007-10-24 00:00:00', '2007-10-29 00:00:00');
INSERT INTO islem (islemno, ogrno, kitapno, atarih, vtarih) VALUES (870, 55, 7, '2007-10-25 00:00:00', '2007-10-31 00:00:00');
INSERT INTO islem (islemno, ogrno, kitapno, atarih, vtarih) VALUES (871, 60, 28, '2007-10-27 00:00:00', '2007-10-29 00:00:00');
INSERT INTO islem (islemno, ogrno, kitapno, atarih, vtarih) VALUES (872, 88, 37, '2007-10-27 00:00:00', '2007-11-15 00:00:00');
INSERT INTO islem (islemno, ogrno, kitapno, atarih, vtarih) VALUES (873, 35, 24, '2007-10-27 00:00:00', '2007-11-08 00:00:00');
INSERT INTO islem (islemno, ogrno, kitapno, atarih, vtarih) VALUES (874, 48, 16, '2007-10-28 00:00:00', '2007-11-09 00:00:00');
INSERT INTO islem (islemno, ogrno, kitapno, atarih, vtarih) VALUES (875, 35, 16, '2007-10-28 00:00:00', '2007-11-02 00:00:00');
INSERT INTO islem (islemno, ogrno, kitapno, atarih, vtarih) VALUES (876, 8, 26, '2007-10-28 00:00:00', '2007-11-05 00:00:00');
INSERT INTO islem (islemno, ogrno, kitapno, atarih, vtarih) VALUES (877, 45, 39, '2007-11-01 00:00:00', '2007-11-18 00:00:00');
INSERT INTO islem (islemno, ogrno, kitapno, atarih, vtarih) VALUES (878, 68, 21, '2007-11-02 00:00:00', '2007-11-14 00:00:00');
INSERT INTO islem (islemno, ogrno, kitapno, atarih, vtarih) VALUES (879, 20, 42, '2007-11-03 00:00:00', '2007-11-14 00:00:00');
INSERT INTO islem (islemno, ogrno, kitapno, atarih, vtarih) VALUES (880, 24, 33, '2007-11-04 00:00:00', '2007-11-16 00:00:00');
INSERT INTO islem (islemno, ogrno, kitapno, atarih, vtarih) VALUES (881, 90, 27, '2007-11-04 00:00:00', '2007-11-05 00:00:00');
INSERT INTO islem (islemno, ogrno, kitapno, atarih, vtarih) VALUES (882, 27, 6, '2007-11-05 00:00:00', '2007-11-14 00:00:00');
INSERT INTO islem (islemno, ogrno, kitapno, atarih, vtarih) VALUES (883, 2, 30, '2007-11-07 00:00:00', '2007-11-17 00:00:00');
INSERT INTO islem (islemno, ogrno, kitapno, atarih, vtarih) VALUES (884, 15, 13, '2007-11-08 00:00:00', '2007-11-11 00:00:00');
INSERT INTO islem (islemno, ogrno, kitapno, atarih, vtarih) VALUES (885, 81, 3, '2007-11-09 00:00:00', '2007-12-01 00:00:00');
INSERT INTO islem (islemno, ogrno, kitapno, atarih, vtarih) VALUES (886, 91, 18, '2007-11-10 00:00:00', '2007-11-28 00:00:00');
INSERT INTO islem (islemno, ogrno, kitapno, atarih, vtarih) VALUES (887, 9, 25, '2007-11-10 00:00:00', '2007-11-27 00:00:00');
INSERT INTO islem (islemno, ogrno, kitapno, atarih, vtarih) VALUES (888, 18, 38, '2007-11-11 00:00:00', '2007-11-14 00:00:00');
INSERT INTO islem (islemno, ogrno, kitapno, atarih, vtarih) VALUES (889, 66, 35, '2007-11-11 00:00:00', '2007-12-03 00:00:00');
INSERT INTO islem (islemno, ogrno, kitapno, atarih, vtarih) VALUES (890, 77, 7, '2007-11-12 00:00:00', '2007-11-30 00:00:00');
INSERT INTO islem (islemno, ogrno, kitapno, atarih, vtarih) VALUES (891, 34, 35, '2007-11-12 00:00:00', '2007-11-18 00:00:00');
INSERT INTO islem (islemno, ogrno, kitapno, atarih, vtarih) VALUES (892, 8, 36, '2007-11-12 00:00:00', '2007-12-04 00:00:00');
INSERT INTO islem (islemno, ogrno, kitapno, atarih, vtarih) VALUES (893, 82, 10, '2007-11-13 00:00:00', '2007-11-16 00:00:00');
INSERT INTO islem (islemno, ogrno, kitapno, atarih, vtarih) VALUES (894, 28, 12, '2007-11-13 00:00:00', '2007-11-30 00:00:00');
INSERT INTO islem (islemno, ogrno, kitapno, atarih, vtarih) VALUES (895, 86, 44, '2007-11-13 00:00:00', '2007-11-28 00:00:00');
INSERT INTO islem (islemno, ogrno, kitapno, atarih, vtarih) VALUES (896, 28, 13, '2007-11-14 00:00:00', '2007-11-24 00:00:00');
INSERT INTO islem (islemno, ogrno, kitapno, atarih, vtarih) VALUES (897, 73, 2, '2007-11-15 00:00:00', '2007-12-01 00:00:00');
INSERT INTO islem (islemno, ogrno, kitapno, atarih, vtarih) VALUES (898, 69, 4, '2007-11-16 00:00:00', '2007-11-26 00:00:00');
INSERT INTO islem (islemno, ogrno, kitapno, atarih, vtarih) VALUES (899, 54, 32, '2007-11-17 00:00:00', '2007-12-05 00:00:00');
INSERT INTO islem (islemno, ogrno, kitapno, atarih, vtarih) VALUES (900, 48, 36, '2007-11-17 00:00:00', '2007-11-21 00:00:00');
INSERT INTO islem (islemno, ogrno, kitapno, atarih, vtarih) VALUES (901, 62, 15, '2007-11-18 00:00:00', '2007-12-01 00:00:00');
INSERT INTO islem (islemno, ogrno, kitapno, atarih, vtarih) VALUES (902, 9, 1, '2007-11-18 00:00:00', '2007-11-25 00:00:00');
INSERT INTO islem (islemno, ogrno, kitapno, atarih, vtarih) VALUES (903, 44, 27, '2007-11-19 00:00:00', '2007-12-10 00:00:00');
INSERT INTO islem (islemno, ogrno, kitapno, atarih, vtarih) VALUES (904, 28, 34, '2007-11-19 00:00:00', '2007-11-21 00:00:00');
INSERT INTO islem (islemno, ogrno, kitapno, atarih, vtarih) VALUES (905, 13, 35, '2007-11-19 00:00:00', '2007-11-27 00:00:00');
INSERT INTO islem (islemno, ogrno, kitapno, atarih, vtarih) VALUES (906, 98, 40, '2007-11-19 00:00:00', '2007-12-03 00:00:00');
INSERT INTO islem (islemno, ogrno, kitapno, atarih, vtarih) VALUES (907, 91, 6, '2007-11-19 00:00:00', '2007-11-30 00:00:00');
INSERT INTO islem (islemno, ogrno, kitapno, atarih, vtarih) VALUES (908, 72, 36, '2007-11-20 00:00:00', '2007-11-27 00:00:00');
INSERT INTO islem (islemno, ogrno, kitapno, atarih, vtarih) VALUES (909, 61, 31, '2007-11-20 00:00:00', '2007-12-03 00:00:00');
INSERT INTO islem (islemno, ogrno, kitapno, atarih, vtarih) VALUES (910, 90, 8, '2007-11-20 00:00:00', '2007-11-25 00:00:00');
INSERT INTO islem (islemno, ogrno, kitapno, atarih, vtarih) VALUES (911, 65, 41, '2007-11-21 00:00:00', '2007-12-06 00:00:00');
INSERT INTO islem (islemno, ogrno, kitapno, atarih, vtarih) VALUES (912, 70, 13, '2007-11-21 00:00:00', '2007-12-06 00:00:00');
INSERT INTO islem (islemno, ogrno, kitapno, atarih, vtarih) VALUES (913, 34, 42, '2007-11-22 00:00:00', '2007-12-14 00:00:00');
INSERT INTO islem (islemno, ogrno, kitapno, atarih, vtarih) VALUES (914, 39, 19, '2007-11-22 00:00:00', '2007-11-23 00:00:00');
INSERT INTO islem (islemno, ogrno, kitapno, atarih, vtarih) VALUES (915, 52, 6, '2007-11-23 00:00:00', '2007-12-12 00:00:00');
INSERT INTO islem (islemno, ogrno, kitapno, atarih, vtarih) VALUES (916, 17, 9, '2007-11-23 00:00:00', '2007-12-13 00:00:00');
INSERT INTO islem (islemno, ogrno, kitapno, atarih, vtarih) VALUES (917, 77, 44, '2007-11-24 00:00:00', '2007-11-28 00:00:00');
INSERT INTO islem (islemno, ogrno, kitapno, atarih, vtarih) VALUES (918, 9, 9, '2007-11-25 00:00:00', '2007-12-07 00:00:00');
INSERT INTO islem (islemno, ogrno, kitapno, atarih, vtarih) VALUES (919, 36, 8, '2007-11-27 00:00:00', '2007-12-13 00:00:00');
INSERT INTO islem (islemno, ogrno, kitapno, atarih, vtarih) VALUES (920, 45, 33, '2007-11-28 00:00:00', '2007-12-14 00:00:00');
INSERT INTO islem (islemno, ogrno, kitapno, atarih, vtarih) VALUES (921, 16, 8, '2007-11-28 00:00:00', '2007-12-11 00:00:00');
INSERT INTO islem (islemno, ogrno, kitapno, atarih, vtarih) VALUES (922, 26, 35, '2008-01-01 00:00:00', '2008-01-13 00:00:00');
INSERT INTO islem (islemno, ogrno, kitapno, atarih, vtarih) VALUES (923, 68, 27, '2008-01-02 00:00:00', '2008-01-14 00:00:00');
INSERT INTO islem (islemno, ogrno, kitapno, atarih, vtarih) VALUES (924, 5, 5, '2008-01-02 00:00:00', '2008-01-16 00:00:00');
INSERT INTO islem (islemno, ogrno, kitapno, atarih, vtarih) VALUES (925, 45, 9, '2008-01-02 00:00:00', '2008-01-20 00:00:00');
INSERT INTO islem (islemno, ogrno, kitapno, atarih, vtarih) VALUES (926, 52, 38, '2008-01-04 00:00:00', '2008-01-08 00:00:00');
INSERT INTO islem (islemno, ogrno, kitapno, atarih, vtarih) VALUES (927, 39, 25, '2008-01-06 00:00:00', '2008-01-07 00:00:00');
INSERT INTO islem (islemno, ogrno, kitapno, atarih, vtarih) VALUES (928, 11, 39, '2008-01-06 00:00:00', '2008-01-19 00:00:00');
INSERT INTO islem (islemno, ogrno, kitapno, atarih, vtarih) VALUES (929, 7, 1, '2008-01-06 00:00:00', '2008-01-07 00:00:00');
INSERT INTO islem (islemno, ogrno, kitapno, atarih, vtarih) VALUES (930, 29, 21, '2008-01-06 00:00:00', '2008-01-25 00:00:00');
INSERT INTO islem (islemno, ogrno, kitapno, atarih, vtarih) VALUES (931, 59, 12, '2008-01-06 00:00:00', '2008-01-24 00:00:00');
INSERT INTO islem (islemno, ogrno, kitapno, atarih, vtarih) VALUES (932, 87, 37, '2008-01-07 00:00:00', '2008-01-08 00:00:00');
INSERT INTO islem (islemno, ogrno, kitapno, atarih, vtarih) VALUES (933, 39, 42, '2008-01-08 00:00:00', '2008-01-29 00:00:00');
INSERT INTO islem (islemno, ogrno, kitapno, atarih, vtarih) VALUES (934, 40, 18, '2008-01-09 00:00:00', '2008-01-20 00:00:00');
INSERT INTO islem (islemno, ogrno, kitapno, atarih, vtarih) VALUES (935, 64, 18, '2008-01-10 00:00:00', '2008-01-28 00:00:00');
INSERT INTO islem (islemno, ogrno, kitapno, atarih, vtarih) VALUES (936, 51, 28, '2008-01-10 00:00:00', '2008-01-13 00:00:00');
INSERT INTO islem (islemno, ogrno, kitapno, atarih, vtarih) VALUES (937, 17, 40, '2008-01-10 00:00:00', '2008-01-22 00:00:00');
INSERT INTO islem (islemno, ogrno, kitapno, atarih, vtarih) VALUES (938, 63, 44, '2008-01-10 00:00:00', '2008-01-23 00:00:00');
INSERT INTO islem (islemno, ogrno, kitapno, atarih, vtarih) VALUES (939, 21, 5, '2008-01-11 00:00:00', '2008-01-19 00:00:00');
INSERT INTO islem (islemno, ogrno, kitapno, atarih, vtarih) VALUES (940, 25, 22, '2008-01-11 00:00:00', '2008-01-14 00:00:00');
INSERT INTO islem (islemno, ogrno, kitapno, atarih, vtarih) VALUES (941, 70, 41, '2008-01-11 00:00:00', '2008-01-14 00:00:00');
INSERT INTO islem (islemno, ogrno, kitapno, atarih, vtarih) VALUES (942, 46, 7, '2008-01-12 00:00:00', '2008-01-30 00:00:00');
INSERT INTO islem (islemno, ogrno, kitapno, atarih, vtarih) VALUES (943, 15, 38, '2008-01-12 00:00:00', '2008-01-24 00:00:00');
INSERT INTO islem (islemno, ogrno, kitapno, atarih, vtarih) VALUES (944, 69, 21, '2008-01-13 00:00:00', '2008-01-17 00:00:00');
INSERT INTO islem (islemno, ogrno, kitapno, atarih, vtarih) VALUES (945, 10, 31, '2008-01-14 00:00:00', '2008-01-27 00:00:00');
INSERT INTO islem (islemno, ogrno, kitapno, atarih, vtarih) VALUES (946, 78, 14, '2008-01-14 00:00:00', '2008-01-18 00:00:00');
INSERT INTO islem (islemno, ogrno, kitapno, atarih, vtarih) VALUES (947, 3, 17, '2008-01-14 00:00:00', '2008-01-20 00:00:00');
INSERT INTO islem (islemno, ogrno, kitapno, atarih, vtarih) VALUES (948, 73, 36, '2008-01-15 00:00:00', '2008-02-05 00:00:00');
INSERT INTO islem (islemno, ogrno, kitapno, atarih, vtarih) VALUES (949, 21, 18, '2008-01-15 00:00:00', '2008-02-03 00:00:00');
INSERT INTO islem (islemno, ogrno, kitapno, atarih, vtarih) VALUES (950, 8, 38, '2008-01-16 00:00:00', '2008-01-31 00:00:00');
INSERT INTO islem (islemno, ogrno, kitapno, atarih, vtarih) VALUES (951, 51, 8, '2008-01-16 00:00:00', '2008-01-27 00:00:00');
INSERT INTO islem (islemno, ogrno, kitapno, atarih, vtarih) VALUES (952, 92, 30, '2008-01-18 00:00:00', '2008-01-28 00:00:00');
INSERT INTO islem (islemno, ogrno, kitapno, atarih, vtarih) VALUES (953, 57, 13, '2008-01-18 00:00:00', '2008-01-29 00:00:00');
INSERT INTO islem (islemno, ogrno, kitapno, atarih, vtarih) VALUES (954, 66, 41, '2008-01-18 00:00:00', '2008-02-02 00:00:00');
INSERT INTO islem (islemno, ogrno, kitapno, atarih, vtarih) VALUES (955, 59, 24, '2008-01-18 00:00:00', '2008-02-04 00:00:00');
INSERT INTO islem (islemno, ogrno, kitapno, atarih, vtarih) VALUES (956, 99, 29, '2008-01-18 00:00:00', '2008-01-27 00:00:00');
INSERT INTO islem (islemno, ogrno, kitapno, atarih, vtarih) VALUES (957, 48, 44, '2008-01-19 00:00:00', '2008-02-05 00:00:00');
INSERT INTO islem (islemno, ogrno, kitapno, atarih, vtarih) VALUES (958, 62, 13, '2008-01-19 00:00:00', '2008-01-29 00:00:00');
INSERT INTO islem (islemno, ogrno, kitapno, atarih, vtarih) VALUES (959, 71, 27, '2008-01-20 00:00:00', '2008-02-06 00:00:00');
INSERT INTO islem (islemno, ogrno, kitapno, atarih, vtarih) VALUES (960, 94, 39, '2008-01-20 00:00:00', '2008-01-25 00:00:00');
INSERT INTO islem (islemno, ogrno, kitapno, atarih, vtarih) VALUES (961, 79, 17, '2008-01-21 00:00:00', '2008-02-01 00:00:00');
INSERT INTO islem (islemno, ogrno, kitapno, atarih, vtarih) VALUES (962, 54, 35, '2008-01-22 00:00:00', '2008-02-03 00:00:00');
INSERT INTO islem (islemno, ogrno, kitapno, atarih, vtarih) VALUES (963, 11, 20, '2008-01-25 00:00:00', '2008-01-25 00:00:00');
INSERT INTO islem (islemno, ogrno, kitapno, atarih, vtarih) VALUES (964, 56, 21, '2008-01-25 00:00:00', '2008-01-26 00:00:00');
INSERT INTO islem (islemno, ogrno, kitapno, atarih, vtarih) VALUES (965, 51, 25, '2008-01-26 00:00:00', '2008-02-16 00:00:00');
INSERT INTO islem (islemno, ogrno, kitapno, atarih, vtarih) VALUES (966, 59, 23, '2008-01-27 00:00:00', '2008-02-14 00:00:00');
INSERT INTO islem (islemno, ogrno, kitapno, atarih, vtarih) VALUES (967, 87, 29, '2008-01-27 00:00:00', '2008-01-30 00:00:00');
INSERT INTO islem (islemno, ogrno, kitapno, atarih, vtarih) VALUES (968, 59, 28, '2008-01-27 00:00:00', '2008-01-30 00:00:00');
INSERT INTO islem (islemno, ogrno, kitapno, atarih, vtarih) VALUES (969, 34, 7, '2008-01-27 00:00:00', '2008-02-01 00:00:00');
INSERT INTO islem (islemno, ogrno, kitapno, atarih, vtarih) VALUES (970, 63, 7, '2008-01-27 00:00:00', '2008-01-29 00:00:00');
INSERT INTO islem (islemno, ogrno, kitapno, atarih, vtarih) VALUES (971, 84, 28, '2008-01-28 00:00:00', '2008-02-02 00:00:00');
INSERT INTO islem (islemno, ogrno, kitapno, atarih, vtarih) VALUES (972, 17, 21, '2008-02-01 00:00:00', '2008-02-21 00:00:00');
INSERT INTO islem (islemno, ogrno, kitapno, atarih, vtarih) VALUES (973, 39, 9, '2008-02-03 00:00:00', '2008-02-18 00:00:00');
INSERT INTO islem (islemno, ogrno, kitapno, atarih, vtarih) VALUES (974, 70, 24, '2008-02-05 00:00:00', '2008-02-21 00:00:00');
INSERT INTO islem (islemno, ogrno, kitapno, atarih, vtarih) VALUES (975, 36, 27, '2008-02-05 00:00:00', '2008-02-12 00:00:00');
INSERT INTO islem (islemno, ogrno, kitapno, atarih, vtarih) VALUES (976, 36, 39, '2008-02-06 00:00:00', '2008-02-07 00:00:00');
INSERT INTO islem (islemno, ogrno, kitapno, atarih, vtarih) VALUES (977, 74, 44, '2008-02-06 00:00:00', '2008-02-26 00:00:00');
INSERT INTO islem (islemno, ogrno, kitapno, atarih, vtarih) VALUES (978, 88, 32, '2008-02-06 00:00:00', '2008-02-22 00:00:00');
INSERT INTO islem (islemno, ogrno, kitapno, atarih, vtarih) VALUES (979, 51, 33, '2008-02-07 00:00:00', '2008-02-23 00:00:00');
INSERT INTO islem (islemno, ogrno, kitapno, atarih, vtarih) VALUES (980, 79, 19, '2008-02-07 00:00:00', '2008-02-26 00:00:00');
INSERT INTO islem (islemno, ogrno, kitapno, atarih, vtarih) VALUES (981, 86, 33, '2008-02-08 00:00:00', '2008-02-28 00:00:00');
INSERT INTO islem (islemno, ogrno, kitapno, atarih, vtarih) VALUES (982, 16, 39, '2008-02-09 00:00:00', '2008-02-26 00:00:00');
INSERT INTO islem (islemno, ogrno, kitapno, atarih, vtarih) VALUES (983, 29, 6, '2008-02-11 00:00:00', '2008-02-23 00:00:00');
INSERT INTO islem (islemno, ogrno, kitapno, atarih, vtarih) VALUES (984, 32, 43, '2008-02-13 00:00:00', '2008-03-04 00:00:00');
INSERT INTO islem (islemno, ogrno, kitapno, atarih, vtarih) VALUES (985, 95, 2, '2008-02-14 00:00:00', '2008-03-03 00:00:00');
INSERT INTO islem (islemno, ogrno, kitapno, atarih, vtarih) VALUES (986, 82, 33, '2008-02-14 00:00:00', '2008-02-21 00:00:00');
INSERT INTO islem (islemno, ogrno, kitapno, atarih, vtarih) VALUES (987, 97, 39, '2008-02-14 00:00:00', '2008-02-19 00:00:00');
INSERT INTO islem (islemno, ogrno, kitapno, atarih, vtarih) VALUES (988, 89, 7, '2008-02-15 00:00:00', '2008-02-17 00:00:00');
INSERT INTO islem (islemno, ogrno, kitapno, atarih, vtarih) VALUES (989, 40, 12, '2008-02-16 00:00:00', '2008-02-25 00:00:00');
INSERT INTO islem (islemno, ogrno, kitapno, atarih, vtarih) VALUES (990, 95, 32, '2008-02-17 00:00:00', '2008-02-28 00:00:00');
INSERT INTO islem (islemno, ogrno, kitapno, atarih, vtarih) VALUES (991, 99, 13, '2008-02-18 00:00:00', '2008-03-01 00:00:00');
INSERT INTO islem (islemno, ogrno, kitapno, atarih, vtarih) VALUES (992, 67, 38, '2008-02-19 00:00:00', '2008-02-28 00:00:00');
INSERT INTO islem (islemno, ogrno, kitapno, atarih, vtarih) VALUES (993, 82, 26, '2008-02-22 00:00:00', '2008-03-14 00:00:00');
INSERT INTO islem (islemno, ogrno, kitapno, atarih, vtarih) VALUES (994, 65, 34, '2008-02-23 00:00:00', '2008-03-14 00:00:00');
INSERT INTO islem (islemno, ogrno, kitapno, atarih, vtarih) VALUES (995, 66, 31, '2008-02-24 00:00:00', '2008-02-24 00:00:00');
INSERT INTO islem (islemno, ogrno, kitapno, atarih, vtarih) VALUES (996, 30, 11, '2008-02-26 00:00:00', '2008-03-08 00:00:00');
INSERT INTO islem (islemno, ogrno, kitapno, atarih, vtarih) VALUES (997, 7, 18, '2008-02-27 00:00:00', '2008-03-05 00:00:00');
INSERT INTO islem (islemno, ogrno, kitapno, atarih, vtarih) VALUES (998, 85, 22, '2008-02-28 00:00:00', '2008-03-19 00:00:00');
INSERT INTO islem (islemno, ogrno, kitapno, atarih, vtarih) VALUES (999, 83, 42, '2008-02-28 00:00:00', '2008-03-18 00:00:00');
INSERT INTO islem (islemno, ogrno, kitapno, atarih, vtarih) VALUES (1000, 84, 42, '2008-02-28 00:00:00', '2008-03-15 00:00:00');
INSERT INTO islem (islemno, ogrno, kitapno, atarih, vtarih) VALUES (1001, 20, 40, '2008-02-28 00:00:00', '2008-03-01 00:00:00');
INSERT INTO islem (islemno, ogrno, kitapno, atarih, vtarih) VALUES (1002, 26, 7, '2008-02-28 00:00:00', '2008-03-12 00:00:00');
INSERT INTO islem (islemno, ogrno, kitapno, atarih, vtarih) VALUES (1003, 23, 18, '2008-03-01 00:00:00', '2008-03-11 00:00:00');
INSERT INTO islem (islemno, ogrno, kitapno, atarih, vtarih) VALUES (1004, 26, 39, '2008-03-01 00:00:00', '2008-03-17 00:00:00');
INSERT INTO islem (islemno, ogrno, kitapno, atarih, vtarih) VALUES (1005, 60, 3, '2008-03-02 00:00:00', '2008-03-24 00:00:00');
INSERT INTO islem (islemno, ogrno, kitapno, atarih, vtarih) VALUES (1006, 37, 31, '2008-03-03 00:00:00', '2008-03-04 00:00:00');
INSERT INTO islem (islemno, ogrno, kitapno, atarih, vtarih) VALUES (1007, 97, 12, '2008-03-03 00:00:00', '2008-03-17 00:00:00');
INSERT INTO islem (islemno, ogrno, kitapno, atarih, vtarih) VALUES (1008, 6, 31, '2008-03-03 00:00:00', '2008-03-21 00:00:00');
INSERT INTO islem (islemno, ogrno, kitapno, atarih, vtarih) VALUES (1009, 87, 37, '2008-03-04 00:00:00', '2008-03-15 00:00:00');
INSERT INTO islem (islemno, ogrno, kitapno, atarih, vtarih) VALUES (1010, 80, 28, '2008-03-06 00:00:00', '2008-03-08 00:00:00');
INSERT INTO islem (islemno, ogrno, kitapno, atarih, vtarih) VALUES (1011, 93, 19, '2008-03-07 00:00:00', '2008-03-20 00:00:00');
INSERT INTO islem (islemno, ogrno, kitapno, atarih, vtarih) VALUES (1012, 47, 36, '2008-03-07 00:00:00', '2008-03-10 00:00:00');
INSERT INTO islem (islemno, ogrno, kitapno, atarih, vtarih) VALUES (1013, 88, 19, '2008-03-07 00:00:00', '2008-03-28 00:00:00');
INSERT INTO islem (islemno, ogrno, kitapno, atarih, vtarih) VALUES (1014, 87, 26, '2008-03-07 00:00:00', '2008-03-24 00:00:00');
INSERT INTO islem (islemno, ogrno, kitapno, atarih, vtarih) VALUES (1015, 28, 3, '2008-03-07 00:00:00', '2008-03-24 00:00:00');
INSERT INTO islem (islemno, ogrno, kitapno, atarih, vtarih) VALUES (1016, 92, 18, '2008-03-08 00:00:00', '2008-03-15 00:00:00');
INSERT INTO islem (islemno, ogrno, kitapno, atarih, vtarih) VALUES (1017, 91, 6, '2008-03-08 00:00:00', '2008-03-21 00:00:00');
INSERT INTO islem (islemno, ogrno, kitapno, atarih, vtarih) VALUES (1018, 61, 30, '2008-03-08 00:00:00', '2008-03-11 00:00:00');
INSERT INTO islem (islemno, ogrno, kitapno, atarih, vtarih) VALUES (1019, 78, 7, '2008-03-09 00:00:00', '2008-03-17 00:00:00');
INSERT INTO islem (islemno, ogrno, kitapno, atarih, vtarih) VALUES (1020, 3, 33, '2008-03-12 00:00:00', '2008-03-25 00:00:00');
INSERT INTO islem (islemno, ogrno, kitapno, atarih, vtarih) VALUES (1021, 5, 17, '2008-03-12 00:00:00', '2008-03-19 00:00:00');
INSERT INTO islem (islemno, ogrno, kitapno, atarih, vtarih) VALUES (1022, 90, 37, '2008-03-12 00:00:00', '2008-03-16 00:00:00');
INSERT INTO islem (islemno, ogrno, kitapno, atarih, vtarih) VALUES (1023, 85, 41, '2008-03-13 00:00:00', '2008-03-28 00:00:00');
INSERT INTO islem (islemno, ogrno, kitapno, atarih, vtarih) VALUES (1024, 93, 14, '2008-03-15 00:00:00', '2008-04-01 00:00:00');
INSERT INTO islem (islemno, ogrno, kitapno, atarih, vtarih) VALUES (1025, 78, 39, '2008-03-16 00:00:00', '2008-03-17 00:00:00');
INSERT INTO islem (islemno, ogrno, kitapno, atarih, vtarih) VALUES (1026, 68, 9, '2008-03-17 00:00:00', '2008-04-04 00:00:00');
INSERT INTO islem (islemno, ogrno, kitapno, atarih, vtarih) VALUES (1027, 81, 4, '2008-03-18 00:00:00', '2008-03-21 00:00:00');
INSERT INTO islem (islemno, ogrno, kitapno, atarih, vtarih) VALUES (1028, 41, 2, '2008-03-18 00:00:00', '2008-03-28 00:00:00');
INSERT INTO islem (islemno, ogrno, kitapno, atarih, vtarih) VALUES (1029, 98, 22, '2008-03-18 00:00:00', '2008-04-04 00:00:00');
INSERT INTO islem (islemno, ogrno, kitapno, atarih, vtarih) VALUES (1030, 11, 28, '2008-03-19 00:00:00', '2008-04-02 00:00:00');
INSERT INTO islem (islemno, ogrno, kitapno, atarih, vtarih) VALUES (1031, 18, 28, '2008-03-19 00:00:00', '2008-04-08 00:00:00');
INSERT INTO islem (islemno, ogrno, kitapno, atarih, vtarih) VALUES (1032, 2, 4, '2008-03-20 00:00:00', '2008-03-20 00:00:00');
INSERT INTO islem (islemno, ogrno, kitapno, atarih, vtarih) VALUES (1033, 50, 31, '2008-03-20 00:00:00', '2008-03-28 00:00:00');
INSERT INTO islem (islemno, ogrno, kitapno, atarih, vtarih) VALUES (1034, 33, 30, '2008-03-20 00:00:00', '2008-03-27 00:00:00');
INSERT INTO islem (islemno, ogrno, kitapno, atarih, vtarih) VALUES (1035, 5, 15, '2008-03-21 00:00:00', '2008-03-28 00:00:00');
INSERT INTO islem (islemno, ogrno, kitapno, atarih, vtarih) VALUES (1036, 95, 13, '2008-03-22 00:00:00', '2008-03-24 00:00:00');
INSERT INTO islem (islemno, ogrno, kitapno, atarih, vtarih) VALUES (1037, 21, 11, '2008-03-22 00:00:00', '2008-04-07 00:00:00');
INSERT INTO islem (islemno, ogrno, kitapno, atarih, vtarih) VALUES (1038, 41, 22, '2008-03-23 00:00:00', '2008-04-09 00:00:00');
INSERT INTO islem (islemno, ogrno, kitapno, atarih, vtarih) VALUES (1039, 8, 5, '2008-03-23 00:00:00', '2008-03-23 00:00:00');
INSERT INTO islem (islemno, ogrno, kitapno, atarih, vtarih) VALUES (1040, 92, 20, '2008-03-24 00:00:00', '2008-04-08 00:00:00');
INSERT INTO islem (islemno, ogrno, kitapno, atarih, vtarih) VALUES (1041, 46, 15, '2008-03-24 00:00:00', '2008-04-03 00:00:00');
INSERT INTO islem (islemno, ogrno, kitapno, atarih, vtarih) VALUES (1042, 57, 16, '2008-03-24 00:00:00', '2008-03-25 00:00:00');
INSERT INTO islem (islemno, ogrno, kitapno, atarih, vtarih) VALUES (1043, 20, 12, '2008-03-25 00:00:00', '2008-03-27 00:00:00');
INSERT INTO islem (islemno, ogrno, kitapno, atarih, vtarih) VALUES (1044, 14, 21, '2008-03-26 00:00:00', '2008-04-03 00:00:00');
INSERT INTO islem (islemno, ogrno, kitapno, atarih, vtarih) VALUES (1045, 24, 44, '2008-03-26 00:00:00', '2008-04-17 00:00:00');
INSERT INTO islem (islemno, ogrno, kitapno, atarih, vtarih) VALUES (1046, 16, 26, '2008-03-27 00:00:00', '2008-03-28 00:00:00');
INSERT INTO islem (islemno, ogrno, kitapno, atarih, vtarih) VALUES (1047, 76, 1, '2008-03-27 00:00:00', '2008-04-17 00:00:00');
INSERT INTO islem (islemno, ogrno, kitapno, atarih, vtarih) VALUES (1048, 21, 25, '2008-03-27 00:00:00', '2008-04-05 00:00:00');
INSERT INTO islem (islemno, ogrno, kitapno, atarih, vtarih) VALUES (1049, 41, 16, '2008-03-27 00:00:00', '2008-03-29 00:00:00');
INSERT INTO islem (islemno, ogrno, kitapno, atarih, vtarih) VALUES (1050, 80, 23, '2008-03-27 00:00:00', '2008-03-29 00:00:00');
INSERT INTO islem (islemno, ogrno, kitapno, atarih, vtarih) VALUES (1051, 50, 26, '2008-03-27 00:00:00', '2008-04-16 00:00:00');
INSERT INTO islem (islemno, ogrno, kitapno, atarih, vtarih) VALUES (1052, 83, 17, '2008-03-28 00:00:00', '2008-03-31 00:00:00');
INSERT INTO islem (islemno, ogrno, kitapno, atarih, vtarih) VALUES (1053, 18, 26, '2008-04-01 00:00:00', '2008-04-06 00:00:00');
INSERT INTO islem (islemno, ogrno, kitapno, atarih, vtarih) VALUES (1054, 23, 14, '2008-04-01 00:00:00', '2008-04-03 00:00:00');
INSERT INTO islem (islemno, ogrno, kitapno, atarih, vtarih) VALUES (1055, 9, 22, '2008-04-02 00:00:00', '2008-04-15 00:00:00');
INSERT INTO islem (islemno, ogrno, kitapno, atarih, vtarih) VALUES (1056, 92, 4, '2008-04-02 00:00:00', '2008-04-03 00:00:00');
INSERT INTO islem (islemno, ogrno, kitapno, atarih, vtarih) VALUES (1057, 22, 8, '2008-04-04 00:00:00', '2008-04-06 00:00:00');
INSERT INTO islem (islemno, ogrno, kitapno, atarih, vtarih) VALUES (1058, 48, 42, '2008-04-04 00:00:00', '2008-04-21 00:00:00');
INSERT INTO islem (islemno, ogrno, kitapno, atarih, vtarih) VALUES (1059, 96, 26, '2008-04-04 00:00:00', '2008-04-12 00:00:00');
INSERT INTO islem (islemno, ogrno, kitapno, atarih, vtarih) VALUES (1060, 19, 23, '2008-04-05 00:00:00', '2008-04-13 00:00:00');
INSERT INTO islem (islemno, ogrno, kitapno, atarih, vtarih) VALUES (1061, 20, 34, '2008-04-05 00:00:00', '2008-04-20 00:00:00');
INSERT INTO islem (islemno, ogrno, kitapno, atarih, vtarih) VALUES (1062, 47, 7, '2008-04-06 00:00:00', '2008-04-21 00:00:00');
INSERT INTO islem (islemno, ogrno, kitapno, atarih, vtarih) VALUES (1063, 85, 7, '2008-04-07 00:00:00', '2008-04-14 00:00:00');
INSERT INTO islem (islemno, ogrno, kitapno, atarih, vtarih) VALUES (1064, 18, 15, '2008-04-07 00:00:00', '2008-04-10 00:00:00');
INSERT INTO islem (islemno, ogrno, kitapno, atarih, vtarih) VALUES (1065, 20, 41, '2008-04-08 00:00:00', '2008-04-11 00:00:00');
INSERT INTO islem (islemno, ogrno, kitapno, atarih, vtarih) VALUES (1066, 49, 23, '2008-04-08 00:00:00', '2008-04-21 00:00:00');
INSERT INTO islem (islemno, ogrno, kitapno, atarih, vtarih) VALUES (1067, 94, 6, '2008-04-08 00:00:00', '2008-04-14 00:00:00');
INSERT INTO islem (islemno, ogrno, kitapno, atarih, vtarih) VALUES (1068, 8, 5, '2008-04-09 00:00:00', '2008-04-25 00:00:00');
INSERT INTO islem (islemno, ogrno, kitapno, atarih, vtarih) VALUES (1069, 29, 33, '2008-04-09 00:00:00', '2008-04-12 00:00:00');
INSERT INTO islem (islemno, ogrno, kitapno, atarih, vtarih) VALUES (1070, 10, 21, '2008-04-10 00:00:00', '2008-04-17 00:00:00');
INSERT INTO islem (islemno, ogrno, kitapno, atarih, vtarih) VALUES (1071, 4, 13, '2008-04-10 00:00:00', '2008-04-15 00:00:00');
INSERT INTO islem (islemno, ogrno, kitapno, atarih, vtarih) VALUES (1072, 20, 23, '2008-04-10 00:00:00', '2008-04-21 00:00:00');
INSERT INTO islem (islemno, ogrno, kitapno, atarih, vtarih) VALUES (1073, 23, 30, '2008-04-11 00:00:00', '2008-04-20 00:00:00');
INSERT INTO islem (islemno, ogrno, kitapno, atarih, vtarih) VALUES (1074, 66, 26, '2008-04-12 00:00:00', '2008-04-24 00:00:00');
INSERT INTO islem (islemno, ogrno, kitapno, atarih, vtarih) VALUES (1075, 97, 38, '2008-04-12 00:00:00', '2008-04-19 00:00:00');
INSERT INTO islem (islemno, ogrno, kitapno, atarih, vtarih) VALUES (1076, 52, 27, '2008-04-17 00:00:00', '2008-04-24 00:00:00');
INSERT INTO islem (islemno, ogrno, kitapno, atarih, vtarih) VALUES (1077, 33, 34, '2008-04-18 00:00:00', '2008-05-07 00:00:00');
INSERT INTO islem (islemno, ogrno, kitapno, atarih, vtarih) VALUES (1078, 27, 43, '2008-04-18 00:00:00', '2008-04-30 00:00:00');
INSERT INTO islem (islemno, ogrno, kitapno, atarih, vtarih) VALUES (1079, 65, 16, '2008-04-19 00:00:00', '2008-04-27 00:00:00');
INSERT INTO islem (islemno, ogrno, kitapno, atarih, vtarih) VALUES (1080, 23, 17, '2008-04-19 00:00:00', '2008-05-09 00:00:00');
INSERT INTO islem (islemno, ogrno, kitapno, atarih, vtarih) VALUES (1081, 16, 19, '2008-04-20 00:00:00', '2008-05-06 00:00:00');
INSERT INTO islem (islemno, ogrno, kitapno, atarih, vtarih) VALUES (1082, 63, 6, '2008-04-22 00:00:00', '2008-05-06 00:00:00');
INSERT INTO islem (islemno, ogrno, kitapno, atarih, vtarih) VALUES (1083, 63, 30, '2008-04-24 00:00:00', '2008-05-13 00:00:00');
INSERT INTO islem (islemno, ogrno, kitapno, atarih, vtarih) VALUES (1084, 99, 9, '2008-04-24 00:00:00', '2008-05-07 00:00:00');
INSERT INTO islem (islemno, ogrno, kitapno, atarih, vtarih) VALUES (1085, 26, 5, '2008-04-24 00:00:00', '2008-05-06 00:00:00');
INSERT INTO islem (islemno, ogrno, kitapno, atarih, vtarih) VALUES (1086, 86, 43, '2008-04-25 00:00:00', '2008-04-25 00:00:00');
INSERT INTO islem (islemno, ogrno, kitapno, atarih, vtarih) VALUES (1087, 49, 8, '2008-04-25 00:00:00', '2008-04-28 00:00:00');
INSERT INTO islem (islemno, ogrno, kitapno, atarih, vtarih) VALUES (1088, 88, 29, '2008-04-26 00:00:00', '2008-05-09 00:00:00');
INSERT INTO islem (islemno, ogrno, kitapno, atarih, vtarih) VALUES (1089, 79, 31, '2008-04-26 00:00:00', '2008-05-14 00:00:00');
INSERT INTO islem (islemno, ogrno, kitapno, atarih, vtarih) VALUES (1090, 20, 10, '2008-04-26 00:00:00', '2008-04-30 00:00:00');
INSERT INTO islem (islemno, ogrno, kitapno, atarih, vtarih) VALUES (1091, 66, 26, '2008-04-27 00:00:00', '2008-05-12 00:00:00');
INSERT INTO islem (islemno, ogrno, kitapno, atarih, vtarih) VALUES (1092, 2, 7, '2008-04-27 00:00:00', '2008-05-09 00:00:00');
INSERT INTO islem (islemno, ogrno, kitapno, atarih, vtarih) VALUES (1093, 53, 3, '2008-04-28 00:00:00', '2008-05-05 00:00:00');
INSERT INTO islem (islemno, ogrno, kitapno, atarih, vtarih) VALUES (1094, 68, 31, '2008-04-28 00:00:00', '2008-05-06 00:00:00');
INSERT INTO islem (islemno, ogrno, kitapno, atarih, vtarih) VALUES (1095, 96, 4, '2008-04-28 00:00:00', '2008-05-07 00:00:00');
INSERT INTO islem (islemno, ogrno, kitapno, atarih, vtarih) VALUES (1096, 18, 25, '2008-05-01 00:00:00', '2008-05-20 00:00:00');
INSERT INTO islem (islemno, ogrno, kitapno, atarih, vtarih) VALUES (1097, 95, 36, '2008-05-01 00:00:00', '2008-05-09 00:00:00');
INSERT INTO islem (islemno, ogrno, kitapno, atarih, vtarih) VALUES (1098, 15, 5, '2008-05-01 00:00:00', '2008-05-02 00:00:00');
INSERT INTO islem (islemno, ogrno, kitapno, atarih, vtarih) VALUES (1099, 40, 4, '2008-05-02 00:00:00', '2008-05-11 00:00:00');
INSERT INTO islem (islemno, ogrno, kitapno, atarih, vtarih) VALUES (1100, 56, 13, '2008-05-02 00:00:00', '2008-05-09 00:00:00');
INSERT INTO islem (islemno, ogrno, kitapno, atarih, vtarih) VALUES (1101, 47, 31, '2008-05-03 00:00:00', '2008-05-22 00:00:00');
INSERT INTO islem (islemno, ogrno, kitapno, atarih, vtarih) VALUES (1102, 35, 21, '2008-05-04 00:00:00', '2008-05-17 00:00:00');
INSERT INTO islem (islemno, ogrno, kitapno, atarih, vtarih) VALUES (1103, 31, 5, '2008-05-04 00:00:00', '2008-05-23 00:00:00');
INSERT INTO islem (islemno, ogrno, kitapno, atarih, vtarih) VALUES (1104, 40, 27, '2008-05-04 00:00:00', '2008-05-13 00:00:00');
INSERT INTO islem (islemno, ogrno, kitapno, atarih, vtarih) VALUES (1105, 21, 2, '2008-05-05 00:00:00', '2008-05-22 00:00:00');
INSERT INTO islem (islemno, ogrno, kitapno, atarih, vtarih) VALUES (1106, 73, 20, '2008-05-05 00:00:00', '2008-05-16 00:00:00');
INSERT INTO islem (islemno, ogrno, kitapno, atarih, vtarih) VALUES (1107, 54, 26, '2008-05-06 00:00:00', '2008-05-20 00:00:00');
INSERT INTO islem (islemno, ogrno, kitapno, atarih, vtarih) VALUES (1108, 48, 34, '2008-05-07 00:00:00', '2008-05-13 00:00:00');
INSERT INTO islem (islemno, ogrno, kitapno, atarih, vtarih) VALUES (1109, 4, 18, '2008-05-07 00:00:00', '2008-05-09 00:00:00');
INSERT INTO islem (islemno, ogrno, kitapno, atarih, vtarih) VALUES (1110, 41, 32, '2008-05-07 00:00:00', '2008-05-16 00:00:00');
INSERT INTO islem (islemno, ogrno, kitapno, atarih, vtarih) VALUES (1111, 88, 15, '2008-05-08 00:00:00', '2008-05-20 00:00:00');
INSERT INTO islem (islemno, ogrno, kitapno, atarih, vtarih) VALUES (1112, 82, 17, '2008-05-08 00:00:00', '2008-05-25 00:00:00');
INSERT INTO islem (islemno, ogrno, kitapno, atarih, vtarih) VALUES (1113, 55, 38, '2008-05-08 00:00:00', '2008-05-13 00:00:00');
INSERT INTO islem (islemno, ogrno, kitapno, atarih, vtarih) VALUES (1114, 87, 42, '2008-05-09 00:00:00', '2008-05-16 00:00:00');
INSERT INTO islem (islemno, ogrno, kitapno, atarih, vtarih) VALUES (1115, 13, 37, '2008-05-09 00:00:00', '2008-05-10 00:00:00');
INSERT INTO islem (islemno, ogrno, kitapno, atarih, vtarih) VALUES (1116, 89, 20, '2008-05-10 00:00:00', '2008-05-28 00:00:00');
INSERT INTO islem (islemno, ogrno, kitapno, atarih, vtarih) VALUES (1117, 87, 11, '2008-05-10 00:00:00', '2008-05-25 00:00:00');
INSERT INTO islem (islemno, ogrno, kitapno, atarih, vtarih) VALUES (1118, 10, 7, '2008-05-12 00:00:00', '2008-05-20 00:00:00');
INSERT INTO islem (islemno, ogrno, kitapno, atarih, vtarih) VALUES (1119, 54, 4, '2008-05-12 00:00:00', '2008-05-27 00:00:00');
INSERT INTO islem (islemno, ogrno, kitapno, atarih, vtarih) VALUES (1120, 73, 33, '2008-05-12 00:00:00', '2008-05-24 00:00:00');
INSERT INTO islem (islemno, ogrno, kitapno, atarih, vtarih) VALUES (1121, 10, 32, '2008-05-13 00:00:00', '2008-05-30 00:00:00');
INSERT INTO islem (islemno, ogrno, kitapno, atarih, vtarih) VALUES (1122, 71, 43, '2008-05-13 00:00:00', '2008-06-04 00:00:00');
INSERT INTO islem (islemno, ogrno, kitapno, atarih, vtarih) VALUES (1123, 27, 2, '2008-05-14 00:00:00', '2008-05-29 00:00:00');
INSERT INTO islem (islemno, ogrno, kitapno, atarih, vtarih) VALUES (1124, 44, 39, '2008-05-14 00:00:00', '2008-05-29 00:00:00');
INSERT INTO islem (islemno, ogrno, kitapno, atarih, vtarih) VALUES (1125, 21, 14, '2008-05-15 00:00:00', '2008-05-31 00:00:00');
INSERT INTO islem (islemno, ogrno, kitapno, atarih, vtarih) VALUES (1126, 98, 33, '2008-05-15 00:00:00', '2008-05-26 00:00:00');
INSERT INTO islem (islemno, ogrno, kitapno, atarih, vtarih) VALUES (1127, 94, 3, '2008-05-15 00:00:00', '2008-06-03 00:00:00');
INSERT INTO islem (islemno, ogrno, kitapno, atarih, vtarih) VALUES (1128, 25, 23, '2008-05-16 00:00:00', '2008-05-21 00:00:00');
INSERT INTO islem (islemno, ogrno, kitapno, atarih, vtarih) VALUES (1129, 6, 10, '2008-05-17 00:00:00', '2008-06-08 00:00:00');
INSERT INTO islem (islemno, ogrno, kitapno, atarih, vtarih) VALUES (1130, 40, 28, '2008-05-17 00:00:00', '2008-05-23 00:00:00');
INSERT INTO islem (islemno, ogrno, kitapno, atarih, vtarih) VALUES (1131, 79, 30, '2008-05-18 00:00:00', '2008-06-07 00:00:00');
INSERT INTO islem (islemno, ogrno, kitapno, atarih, vtarih) VALUES (1132, 4, 15, '2008-05-19 00:00:00', '2008-06-09 00:00:00');
INSERT INTO islem (islemno, ogrno, kitapno, atarih, vtarih) VALUES (1133, 55, 10, '2008-05-19 00:00:00', '2008-06-01 00:00:00');
INSERT INTO islem (islemno, ogrno, kitapno, atarih, vtarih) VALUES (1134, 73, 12, '2008-05-21 00:00:00', '2008-06-06 00:00:00');
INSERT INTO islem (islemno, ogrno, kitapno, atarih, vtarih) VALUES (1135, 84, 19, '2008-05-21 00:00:00', '2008-06-01 00:00:00');
INSERT INTO islem (islemno, ogrno, kitapno, atarih, vtarih) VALUES (1136, 67, 4, '2008-05-21 00:00:00', '2008-06-10 00:00:00');
INSERT INTO islem (islemno, ogrno, kitapno, atarih, vtarih) VALUES (1137, 52, 32, '2008-05-21 00:00:00', '2008-05-21 00:00:00');
INSERT INTO islem (islemno, ogrno, kitapno, atarih, vtarih) VALUES (1138, 63, 25, '2008-05-21 00:00:00', '2008-06-01 00:00:00');
INSERT INTO islem (islemno, ogrno, kitapno, atarih, vtarih) VALUES (1139, 35, 16, '2008-05-24 00:00:00', '2008-05-27 00:00:00');
INSERT INTO islem (islemno, ogrno, kitapno, atarih, vtarih) VALUES (1140, 55, 34, '2008-05-24 00:00:00', '2008-05-26 00:00:00');
INSERT INTO islem (islemno, ogrno, kitapno, atarih, vtarih) VALUES (1141, 17, 38, '2008-05-24 00:00:00', '2008-06-10 00:00:00');
INSERT INTO islem (islemno, ogrno, kitapno, atarih, vtarih) VALUES (1142, 42, 17, '2008-05-25 00:00:00', '2008-06-16 00:00:00');
INSERT INTO islem (islemno, ogrno, kitapno, atarih, vtarih) VALUES (1143, 86, 30, '2008-05-25 00:00:00', '2008-06-14 00:00:00');
INSERT INTO islem (islemno, ogrno, kitapno, atarih, vtarih) VALUES (1144, 50, 43, '2008-05-27 00:00:00', '2008-06-12 00:00:00');
INSERT INTO islem (islemno, ogrno, kitapno, atarih, vtarih) VALUES (1145, 79, 24, '2008-05-28 00:00:00', '2008-06-16 00:00:00');
INSERT INTO islem (islemno, ogrno, kitapno, atarih, vtarih) VALUES (1146, 76, 3, '2008-06-03 00:00:00', '2008-06-23 00:00:00');
INSERT INTO islem (islemno, ogrno, kitapno, atarih, vtarih) VALUES (1147, 6, 41, '2008-06-03 00:00:00', '2008-06-04 00:00:00');
INSERT INTO islem (islemno, ogrno, kitapno, atarih, vtarih) VALUES (1148, 3, 11, '2008-06-03 00:00:00', '2008-06-10 00:00:00');
INSERT INTO islem (islemno, ogrno, kitapno, atarih, vtarih) VALUES (1149, 90, 21, '2008-06-04 00:00:00', '2008-06-15 00:00:00');
INSERT INTO islem (islemno, ogrno, kitapno, atarih, vtarih) VALUES (1150, 34, 39, '2008-06-04 00:00:00', '2008-06-23 00:00:00');
INSERT INTO islem (islemno, ogrno, kitapno, atarih, vtarih) VALUES (1151, 39, 28, '2008-06-04 00:00:00', '2008-06-06 00:00:00');
INSERT INTO islem (islemno, ogrno, kitapno, atarih, vtarih) VALUES (1152, 38, 20, '2008-06-04 00:00:00', '2008-06-20 00:00:00');
INSERT INTO islem (islemno, ogrno, kitapno, atarih, vtarih) VALUES (1153, 79, 40, '2008-06-05 00:00:00', '2008-06-15 00:00:00');
INSERT INTO islem (islemno, ogrno, kitapno, atarih, vtarih) VALUES (1154, 50, 22, '2008-06-05 00:00:00', '2008-06-15 00:00:00');
INSERT INTO islem (islemno, ogrno, kitapno, atarih, vtarih) VALUES (1155, 32, 8, '2008-06-06 00:00:00', '2008-06-25 00:00:00');
INSERT INTO islem (islemno, ogrno, kitapno, atarih, vtarih) VALUES (1156, 94, 40, '2008-06-06 00:00:00', '2008-06-18 00:00:00');
INSERT INTO islem (islemno, ogrno, kitapno, atarih, vtarih) VALUES (1157, 8, 1, '2008-06-06 00:00:00', '2008-06-07 00:00:00');
INSERT INTO islem (islemno, ogrno, kitapno, atarih, vtarih) VALUES (1158, 87, 32, '2008-06-08 00:00:00', '2008-06-23 00:00:00');
INSERT INTO islem (islemno, ogrno, kitapno, atarih, vtarih) VALUES (1159, 7, 14, '2008-06-09 00:00:00', '2008-06-21 00:00:00');
INSERT INTO islem (islemno, ogrno, kitapno, atarih, vtarih) VALUES (1160, 6, 24, '2008-06-09 00:00:00', '2008-06-19 00:00:00');
INSERT INTO islem (islemno, ogrno, kitapno, atarih, vtarih) VALUES (1161, 61, 8, '2008-06-09 00:00:00', '2008-06-22 00:00:00');
INSERT INTO islem (islemno, ogrno, kitapno, atarih, vtarih) VALUES (1162, 36, 1, '2008-06-09 00:00:00', '2008-06-26 00:00:00');
INSERT INTO islem (islemno, ogrno, kitapno, atarih, vtarih) VALUES (1163, 28, 11, '2008-06-10 00:00:00', '2008-06-14 00:00:00');
INSERT INTO islem (islemno, ogrno, kitapno, atarih, vtarih) VALUES (1164, 90, 33, '2008-06-10 00:00:00', '2008-06-10 00:00:00');
INSERT INTO islem (islemno, ogrno, kitapno, atarih, vtarih) VALUES (1165, 70, 21, '2008-06-11 00:00:00', '2008-06-29 00:00:00');
INSERT INTO islem (islemno, ogrno, kitapno, atarih, vtarih) VALUES (1166, 38, 30, '2008-06-11 00:00:00', '2008-06-20 00:00:00');
INSERT INTO islem (islemno, ogrno, kitapno, atarih, vtarih) VALUES (1167, 84, 40, '2008-06-13 00:00:00', '2008-06-14 00:00:00');
INSERT INTO islem (islemno, ogrno, kitapno, atarih, vtarih) VALUES (1168, 75, 24, '2008-06-13 00:00:00', '2008-06-20 00:00:00');
INSERT INTO islem (islemno, ogrno, kitapno, atarih, vtarih) VALUES (1169, 3, 27, '2008-06-13 00:00:00', '2008-06-29 00:00:00');
INSERT INTO islem (islemno, ogrno, kitapno, atarih, vtarih) VALUES (1170, 84, 44, '2008-06-13 00:00:00', '2008-06-26 00:00:00');
INSERT INTO islem (islemno, ogrno, kitapno, atarih, vtarih) VALUES (1171, 54, 40, '2008-06-14 00:00:00', '2008-06-24 00:00:00');
INSERT INTO islem (islemno, ogrno, kitapno, atarih, vtarih) VALUES (1172, 37, 16, '2008-06-14 00:00:00', '2008-06-24 00:00:00');
INSERT INTO islem (islemno, ogrno, kitapno, atarih, vtarih) VALUES (1173, 27, 12, '2008-06-16 00:00:00', '2008-07-05 00:00:00');
INSERT INTO islem (islemno, ogrno, kitapno, atarih, vtarih) VALUES (1174, 10, 7, '2008-06-16 00:00:00', '2008-06-23 00:00:00');
INSERT INTO islem (islemno, ogrno, kitapno, atarih, vtarih) VALUES (1175, 58, 23, '2008-06-16 00:00:00', '2008-07-03 00:00:00');
INSERT INTO islem (islemno, ogrno, kitapno, atarih, vtarih) VALUES (1176, 18, 4, '2008-06-17 00:00:00', '2008-06-22 00:00:00');
INSERT INTO islem (islemno, ogrno, kitapno, atarih, vtarih) VALUES (1177, 65, 12, '2008-06-17 00:00:00', '2008-06-23 00:00:00');
INSERT INTO islem (islemno, ogrno, kitapno, atarih, vtarih) VALUES (1178, 6, 30, '2008-06-19 00:00:00', '2008-07-06 00:00:00');
INSERT INTO islem (islemno, ogrno, kitapno, atarih, vtarih) VALUES (1179, 88, 44, '2008-06-20 00:00:00', '2008-06-22 00:00:00');
INSERT INTO islem (islemno, ogrno, kitapno, atarih, vtarih) VALUES (1180, 36, 4, '2008-06-20 00:00:00', '2008-06-20 00:00:00');
INSERT INTO islem (islemno, ogrno, kitapno, atarih, vtarih) VALUES (1181, 95, 36, '2008-06-20 00:00:00', '2008-06-20 00:00:00');
INSERT INTO islem (islemno, ogrno, kitapno, atarih, vtarih) VALUES (1182, 34, 11, '2008-06-21 00:00:00', '2008-07-13 00:00:00');
INSERT INTO islem (islemno, ogrno, kitapno, atarih, vtarih) VALUES (1183, 90, 36, '2008-06-22 00:00:00', '2008-07-03 00:00:00');
INSERT INTO islem (islemno, ogrno, kitapno, atarih, vtarih) VALUES (1184, 18, 30, '2008-06-22 00:00:00', '2008-07-04 00:00:00');
INSERT INTO islem (islemno, ogrno, kitapno, atarih, vtarih) VALUES (1185, 70, 8, '2008-06-23 00:00:00', '2008-07-04 00:00:00');
INSERT INTO islem (islemno, ogrno, kitapno, atarih, vtarih) VALUES (1186, 67, 21, '2008-06-23 00:00:00', '2008-07-09 00:00:00');
INSERT INTO islem (islemno, ogrno, kitapno, atarih, vtarih) VALUES (1187, 81, 14, '2008-06-24 00:00:00', '2008-07-06 00:00:00');
INSERT INTO islem (islemno, ogrno, kitapno, atarih, vtarih) VALUES (1188, 33, 35, '2008-06-24 00:00:00', '2008-07-12 00:00:00');
INSERT INTO islem (islemno, ogrno, kitapno, atarih, vtarih) VALUES (1189, 12, 10, '2008-06-26 00:00:00', '2008-06-29 00:00:00');
INSERT INTO islem (islemno, ogrno, kitapno, atarih, vtarih) VALUES (1190, 5, 11, '2008-06-26 00:00:00', '2008-07-17 00:00:00');
INSERT INTO islem (islemno, ogrno, kitapno, atarih, vtarih) VALUES (1191, 82, 39, '2008-06-27 00:00:00', '2008-07-04 00:00:00');
INSERT INTO islem (islemno, ogrno, kitapno, atarih, vtarih) VALUES (1192, 10, 15, '2008-06-28 00:00:00', '2008-07-13 00:00:00');
INSERT INTO islem (islemno, ogrno, kitapno, atarih, vtarih) VALUES (1193, 80, 27, '2008-06-28 00:00:00', '2008-06-29 00:00:00');
INSERT INTO islem (islemno, ogrno, kitapno, atarih, vtarih) VALUES (1194, 90, 40, '2008-07-01 00:00:00', '2008-07-11 00:00:00');
INSERT INTO islem (islemno, ogrno, kitapno, atarih, vtarih) VALUES (1195, 87, 17, '2008-07-01 00:00:00', '2008-07-10 00:00:00');
INSERT INTO islem (islemno, ogrno, kitapno, atarih, vtarih) VALUES (1196, 57, 11, '2008-07-02 00:00:00', '2008-07-07 00:00:00');
INSERT INTO islem (islemno, ogrno, kitapno, atarih, vtarih) VALUES (1197, 50, 13, '2008-07-02 00:00:00', '2008-07-09 00:00:00');
INSERT INTO islem (islemno, ogrno, kitapno, atarih, vtarih) VALUES (1198, 36, 37, '2008-07-03 00:00:00', '2008-07-14 00:00:00');
INSERT INTO islem (islemno, ogrno, kitapno, atarih, vtarih) VALUES (1199, 55, 12, '2008-07-04 00:00:00', '2008-07-22 00:00:00');
INSERT INTO islem (islemno, ogrno, kitapno, atarih, vtarih) VALUES (1200, 47, 40, '2008-07-04 00:00:00', '2008-07-08 00:00:00');
INSERT INTO islem (islemno, ogrno, kitapno, atarih, vtarih) VALUES (1201, 14, 13, '2008-07-04 00:00:00', '2008-07-10 00:00:00');
INSERT INTO islem (islemno, ogrno, kitapno, atarih, vtarih) VALUES (1202, 96, 10, '2008-07-05 00:00:00', '2008-07-15 00:00:00');
INSERT INTO islem (islemno, ogrno, kitapno, atarih, vtarih) VALUES (1203, 28, 37, '2008-07-07 00:00:00', '2008-07-28 00:00:00');
INSERT INTO islem (islemno, ogrno, kitapno, atarih, vtarih) VALUES (1204, 66, 39, '2008-07-07 00:00:00', '2008-07-11 00:00:00');
INSERT INTO islem (islemno, ogrno, kitapno, atarih, vtarih) VALUES (1205, 92, 21, '2008-07-08 00:00:00', '2008-07-24 00:00:00');
INSERT INTO islem (islemno, ogrno, kitapno, atarih, vtarih) VALUES (1206, 78, 6, '2008-07-08 00:00:00', '2008-07-27 00:00:00');
INSERT INTO islem (islemno, ogrno, kitapno, atarih, vtarih) VALUES (1207, 54, 34, '2008-07-09 00:00:00', '2008-07-26 00:00:00');
INSERT INTO islem (islemno, ogrno, kitapno, atarih, vtarih) VALUES (1208, 8, 13, '2008-07-09 00:00:00', '2008-07-09 00:00:00');
INSERT INTO islem (islemno, ogrno, kitapno, atarih, vtarih) VALUES (1209, 64, 2, '2008-07-09 00:00:00', '2008-07-29 00:00:00');
INSERT INTO islem (islemno, ogrno, kitapno, atarih, vtarih) VALUES (1210, 87, 37, '2008-07-09 00:00:00', '2008-07-19 00:00:00');
INSERT INTO islem (islemno, ogrno, kitapno, atarih, vtarih) VALUES (1211, 71, 17, '2008-07-10 00:00:00', '2008-07-25 00:00:00');
INSERT INTO islem (islemno, ogrno, kitapno, atarih, vtarih) VALUES (1212, 15, 30, '2008-07-10 00:00:00', '2008-07-15 00:00:00');
INSERT INTO islem (islemno, ogrno, kitapno, atarih, vtarih) VALUES (1213, 72, 44, '2008-07-12 00:00:00', '2008-07-22 00:00:00');
INSERT INTO islem (islemno, ogrno, kitapno, atarih, vtarih) VALUES (1214, 75, 26, '2008-07-12 00:00:00', '2008-07-27 00:00:00');
INSERT INTO islem (islemno, ogrno, kitapno, atarih, vtarih) VALUES (1215, 94, 19, '2008-07-12 00:00:00', '2008-07-29 00:00:00');
INSERT INTO islem (islemno, ogrno, kitapno, atarih, vtarih) VALUES (1216, 65, 22, '2008-07-12 00:00:00', '2008-07-20 00:00:00');
INSERT INTO islem (islemno, ogrno, kitapno, atarih, vtarih) VALUES (1217, 31, 34, '2008-07-13 00:00:00', '2008-07-15 00:00:00');
INSERT INTO islem (islemno, ogrno, kitapno, atarih, vtarih) VALUES (1218, 4, 18, '2008-07-13 00:00:00', '2008-08-04 00:00:00');
INSERT INTO islem (islemno, ogrno, kitapno, atarih, vtarih) VALUES (1219, 31, 36, '2008-07-15 00:00:00', '2008-08-05 00:00:00');
INSERT INTO islem (islemno, ogrno, kitapno, atarih, vtarih) VALUES (1220, 4, 23, '2008-07-15 00:00:00', '2008-08-06 00:00:00');
INSERT INTO islem (islemno, ogrno, kitapno, atarih, vtarih) VALUES (1221, 30, 13, '2008-07-16 00:00:00', '2008-07-22 00:00:00');
INSERT INTO islem (islemno, ogrno, kitapno, atarih, vtarih) VALUES (1222, 42, 9, '2008-07-17 00:00:00', '2008-08-04 00:00:00');
INSERT INTO islem (islemno, ogrno, kitapno, atarih, vtarih) VALUES (1223, 29, 5, '2008-07-17 00:00:00', '2008-08-03 00:00:00');
INSERT INTO islem (islemno, ogrno, kitapno, atarih, vtarih) VALUES (1224, 99, 1, '2008-07-19 00:00:00', '2008-08-05 00:00:00');
INSERT INTO islem (islemno, ogrno, kitapno, atarih, vtarih) VALUES (1225, 8, 34, '2008-07-21 00:00:00', '2008-07-29 00:00:00');
INSERT INTO islem (islemno, ogrno, kitapno, atarih, vtarih) VALUES (1226, 46, 6, '2008-07-23 00:00:00', '2008-07-23 00:00:00');
INSERT INTO islem (islemno, ogrno, kitapno, atarih, vtarih) VALUES (1227, 68, 9, '2008-07-23 00:00:00', '2008-07-28 00:00:00');
INSERT INTO islem (islemno, ogrno, kitapno, atarih, vtarih) VALUES (1228, 33, 41, '2008-07-23 00:00:00', '2008-07-24 00:00:00');
INSERT INTO islem (islemno, ogrno, kitapno, atarih, vtarih) VALUES (1229, 15, 25, '2008-07-25 00:00:00', '2008-08-03 00:00:00');
INSERT INTO islem (islemno, ogrno, kitapno, atarih, vtarih) VALUES (1230, 2, 17, '2008-07-26 00:00:00', '2008-07-31 00:00:00');
INSERT INTO islem (islemno, ogrno, kitapno, atarih, vtarih) VALUES (1231, 61, 37, '2008-07-27 00:00:00', '2008-08-14 00:00:00');
INSERT INTO islem (islemno, ogrno, kitapno, atarih, vtarih) VALUES (1232, 73, 24, '2008-07-27 00:00:00', '2008-08-07 00:00:00');
INSERT INTO islem (islemno, ogrno, kitapno, atarih, vtarih) VALUES (1233, 50, 39, '2008-07-28 00:00:00', '2008-08-05 00:00:00');
INSERT INTO islem (islemno, ogrno, kitapno, atarih, vtarih) VALUES (1234, 8, 1, '2008-07-28 00:00:00', '2008-07-28 00:00:00');
INSERT INTO islem (islemno, ogrno, kitapno, atarih, vtarih) VALUES (1235, 36, 28, '2008-07-28 00:00:00', '2008-08-17 00:00:00');
INSERT INTO islem (islemno, ogrno, kitapno, atarih, vtarih) VALUES (1236, 70, 43, '2008-08-01 00:00:00', '2008-08-09 00:00:00');
INSERT INTO islem (islemno, ogrno, kitapno, atarih, vtarih) VALUES (1237, 77, 43, '2008-08-01 00:00:00', '2008-08-16 00:00:00');
INSERT INTO islem (islemno, ogrno, kitapno, atarih, vtarih) VALUES (1238, 49, 25, '2008-08-01 00:00:00', '2008-08-09 00:00:00');
INSERT INTO islem (islemno, ogrno, kitapno, atarih, vtarih) VALUES (1239, 53, 19, '2008-08-02 00:00:00', '2008-08-17 00:00:00');
INSERT INTO islem (islemno, ogrno, kitapno, atarih, vtarih) VALUES (1240, 19, 41, '2008-08-02 00:00:00', '2008-08-17 00:00:00');
INSERT INTO islem (islemno, ogrno, kitapno, atarih, vtarih) VALUES (1241, 32, 36, '2008-08-04 00:00:00', '2008-08-09 00:00:00');
INSERT INTO islem (islemno, ogrno, kitapno, atarih, vtarih) VALUES (1242, 52, 21, '2008-08-05 00:00:00', '2008-08-18 00:00:00');
INSERT INTO islem (islemno, ogrno, kitapno, atarih, vtarih) VALUES (1243, 49, 7, '2008-08-06 00:00:00', '2008-08-27 00:00:00');
INSERT INTO islem (islemno, ogrno, kitapno, atarih, vtarih) VALUES (1244, 20, 35, '2008-08-07 00:00:00', '2008-08-24 00:00:00');
INSERT INTO islem (islemno, ogrno, kitapno, atarih, vtarih) VALUES (1245, 67, 4, '2008-08-08 00:00:00', '2008-08-23 00:00:00');
INSERT INTO islem (islemno, ogrno, kitapno, atarih, vtarih) VALUES (1246, 13, 25, '2008-08-09 00:00:00', '2008-08-09 00:00:00');
INSERT INTO islem (islemno, ogrno, kitapno, atarih, vtarih) VALUES (1247, 95, 40, '2008-08-11 00:00:00', '2008-08-11 00:00:00');
INSERT INTO islem (islemno, ogrno, kitapno, atarih, vtarih) VALUES (1248, 63, 3, '2008-08-13 00:00:00', '2008-08-28 00:00:00');
INSERT INTO islem (islemno, ogrno, kitapno, atarih, vtarih) VALUES (1249, 21, 8, '2008-08-14 00:00:00', '2008-08-25 00:00:00');
INSERT INTO islem (islemno, ogrno, kitapno, atarih, vtarih) VALUES (1250, 15, 16, '2008-08-14 00:00:00', '2008-08-23 00:00:00');
INSERT INTO islem (islemno, ogrno, kitapno, atarih, vtarih) VALUES (1251, 5, 41, '2008-08-16 00:00:00', '2008-08-20 00:00:00');
INSERT INTO islem (islemno, ogrno, kitapno, atarih, vtarih) VALUES (1252, 49, 22, '2008-08-16 00:00:00', '2008-08-21 00:00:00');
INSERT INTO islem (islemno, ogrno, kitapno, atarih, vtarih) VALUES (1253, 23, 36, '2008-08-16 00:00:00', '2008-09-06 00:00:00');
INSERT INTO islem (islemno, ogrno, kitapno, atarih, vtarih) VALUES (1254, 98, 42, '2008-08-16 00:00:00', '2008-09-07 00:00:00');
INSERT INTO islem (islemno, ogrno, kitapno, atarih, vtarih) VALUES (1255, 87, 24, '2008-08-16 00:00:00', '2008-08-24 00:00:00');
INSERT INTO islem (islemno, ogrno, kitapno, atarih, vtarih) VALUES (1256, 86, 23, '2008-08-17 00:00:00', '2008-08-25 00:00:00');
INSERT INTO islem (islemno, ogrno, kitapno, atarih, vtarih) VALUES (1257, 98, 22, '2008-08-17 00:00:00', '2008-08-29 00:00:00');
INSERT INTO islem (islemno, ogrno, kitapno, atarih, vtarih) VALUES (1258, 82, 15, '2008-08-18 00:00:00', '2008-09-07 00:00:00');
INSERT INTO islem (islemno, ogrno, kitapno, atarih, vtarih) VALUES (1259, 28, 23, '2008-08-18 00:00:00', '2008-09-03 00:00:00');
INSERT INTO islem (islemno, ogrno, kitapno, atarih, vtarih) VALUES (1260, 12, 33, '2008-08-18 00:00:00', '2008-09-02 00:00:00');
INSERT INTO islem (islemno, ogrno, kitapno, atarih, vtarih) VALUES (1261, 61, 14, '2008-08-20 00:00:00', '2008-09-02 00:00:00');
INSERT INTO islem (islemno, ogrno, kitapno, atarih, vtarih) VALUES (1262, 14, 29, '2008-08-20 00:00:00', '2008-08-24 00:00:00');
INSERT INTO islem (islemno, ogrno, kitapno, atarih, vtarih) VALUES (1263, 55, 35, '2008-08-20 00:00:00', '2008-08-30 00:00:00');
INSERT INTO islem (islemno, ogrno, kitapno, atarih, vtarih) VALUES (1264, 57, 18, '2008-08-21 00:00:00', '2008-09-01 00:00:00');
INSERT INTO islem (islemno, ogrno, kitapno, atarih, vtarih) VALUES (1265, 71, 29, '2008-08-24 00:00:00', '2008-09-04 00:00:00');
INSERT INTO islem (islemno, ogrno, kitapno, atarih, vtarih) VALUES (1266, 25, 37, '2008-08-25 00:00:00', '2008-09-03 00:00:00');
INSERT INTO islem (islemno, ogrno, kitapno, atarih, vtarih) VALUES (1267, 79, 41, '2008-08-26 00:00:00', '2008-09-14 00:00:00');
INSERT INTO islem (islemno, ogrno, kitapno, atarih, vtarih) VALUES (1268, 21, 18, '2008-08-27 00:00:00', '2008-08-28 00:00:00');
INSERT INTO islem (islemno, ogrno, kitapno, atarih, vtarih) VALUES (1269, 89, 15, '2008-09-02 00:00:00', '2008-09-04 00:00:00');
INSERT INTO islem (islemno, ogrno, kitapno, atarih, vtarih) VALUES (1270, 10, 26, '2008-09-02 00:00:00', '2008-09-16 00:00:00');
INSERT INTO islem (islemno, ogrno, kitapno, atarih, vtarih) VALUES (1271, 34, 10, '2008-09-03 00:00:00', '2008-09-07 00:00:00');
INSERT INTO islem (islemno, ogrno, kitapno, atarih, vtarih) VALUES (1272, 25, 13, '2008-09-04 00:00:00', '2008-09-23 00:00:00');
INSERT INTO islem (islemno, ogrno, kitapno, atarih, vtarih) VALUES (1273, 83, 3, '2008-09-05 00:00:00', '2008-09-22 00:00:00');
INSERT INTO islem (islemno, ogrno, kitapno, atarih, vtarih) VALUES (1274, 17, 42, '2008-09-05 00:00:00', '2008-09-23 00:00:00');
INSERT INTO islem (islemno, ogrno, kitapno, atarih, vtarih) VALUES (1275, 11, 21, '2008-09-05 00:00:00', '2008-09-06 00:00:00');
INSERT INTO islem (islemno, ogrno, kitapno, atarih, vtarih) VALUES (1276, 24, 44, '2008-09-07 00:00:00', '2008-09-12 00:00:00');
INSERT INTO islem (islemno, ogrno, kitapno, atarih, vtarih) VALUES (1277, 23, 20, '2008-09-08 00:00:00', '2008-09-19 00:00:00');
INSERT INTO islem (islemno, ogrno, kitapno, atarih, vtarih) VALUES (1278, 90, 36, '2008-09-09 00:00:00', '2008-09-30 00:00:00');
INSERT INTO islem (islemno, ogrno, kitapno, atarih, vtarih) VALUES (1279, 49, 25, '2008-09-09 00:00:00', '2008-09-26 00:00:00');
INSERT INTO islem (islemno, ogrno, kitapno, atarih, vtarih) VALUES (1280, 50, 42, '2008-09-10 00:00:00', '2008-09-17 00:00:00');
INSERT INTO islem (islemno, ogrno, kitapno, atarih, vtarih) VALUES (1281, 11, 35, '2008-09-12 00:00:00', '2008-09-24 00:00:00');
INSERT INTO islem (islemno, ogrno, kitapno, atarih, vtarih) VALUES (1282, 49, 21, '2008-09-13 00:00:00', '2008-09-30 00:00:00');
INSERT INTO islem (islemno, ogrno, kitapno, atarih, vtarih) VALUES (1283, 61, 2, '2008-09-14 00:00:00', '2008-10-02 00:00:00');
INSERT INTO islem (islemno, ogrno, kitapno, atarih, vtarih) VALUES (1284, 40, 41, '2008-09-16 00:00:00', '2008-09-28 00:00:00');
INSERT INTO islem (islemno, ogrno, kitapno, atarih, vtarih) VALUES (1285, 14, 3, '2008-09-16 00:00:00', '2008-09-27 00:00:00');
INSERT INTO islem (islemno, ogrno, kitapno, atarih, vtarih) VALUES (1286, 6, 44, '2008-09-16 00:00:00', '2008-09-24 00:00:00');
INSERT INTO islem (islemno, ogrno, kitapno, atarih, vtarih) VALUES (1287, 95, 44, '2008-09-16 00:00:00', '2008-10-03 00:00:00');
INSERT INTO islem (islemno, ogrno, kitapno, atarih, vtarih) VALUES (1288, 54, 12, '2008-09-17 00:00:00', '2008-09-23 00:00:00');
INSERT INTO islem (islemno, ogrno, kitapno, atarih, vtarih) VALUES (1289, 8, 43, '2008-09-17 00:00:00', '2008-09-22 00:00:00');
INSERT INTO islem (islemno, ogrno, kitapno, atarih, vtarih) VALUES (1290, 40, 10, '2008-09-17 00:00:00', '2008-09-22 00:00:00');
INSERT INTO islem (islemno, ogrno, kitapno, atarih, vtarih) VALUES (1291, 29, 3, '2008-09-17 00:00:00', '2008-09-27 00:00:00');
INSERT INTO islem (islemno, ogrno, kitapno, atarih, vtarih) VALUES (1292, 44, 41, '2008-09-17 00:00:00', '2008-10-04 00:00:00');
INSERT INTO islem (islemno, ogrno, kitapno, atarih, vtarih) VALUES (1293, 82, 28, '2008-09-18 00:00:00', '2008-09-26 00:00:00');
INSERT INTO islem (islemno, ogrno, kitapno, atarih, vtarih) VALUES (1294, 35, 32, '2008-09-20 00:00:00', '2008-10-03 00:00:00');
INSERT INTO islem (islemno, ogrno, kitapno, atarih, vtarih) VALUES (1295, 46, 44, '2008-09-20 00:00:00', '2008-10-05 00:00:00');
INSERT INTO islem (islemno, ogrno, kitapno, atarih, vtarih) VALUES (1296, 67, 20, '2008-09-21 00:00:00', '2008-10-06 00:00:00');
INSERT INTO islem (islemno, ogrno, kitapno, atarih, vtarih) VALUES (1297, 58, 16, '2008-09-21 00:00:00', '2008-10-02 00:00:00');
INSERT INTO islem (islemno, ogrno, kitapno, atarih, vtarih) VALUES (1298, 19, 20, '2008-09-22 00:00:00', '2008-09-27 00:00:00');
INSERT INTO islem (islemno, ogrno, kitapno, atarih, vtarih) VALUES (1299, 72, 19, '2008-09-23 00:00:00', '2008-09-30 00:00:00');
INSERT INTO islem (islemno, ogrno, kitapno, atarih, vtarih) VALUES (1300, 63, 9, '2008-09-24 00:00:00', '2008-10-11 00:00:00');
INSERT INTO islem (islemno, ogrno, kitapno, atarih, vtarih) VALUES (1301, 81, 22, '2008-09-24 00:00:00', '2008-09-28 00:00:00');
INSERT INTO islem (islemno, ogrno, kitapno, atarih, vtarih) VALUES (1302, 49, 33, '2008-09-25 00:00:00', '2008-09-28 00:00:00');
INSERT INTO islem (islemno, ogrno, kitapno, atarih, vtarih) VALUES (1303, 14, 4, '2008-09-25 00:00:00', '2008-10-12 00:00:00');
INSERT INTO islem (islemno, ogrno, kitapno, atarih, vtarih) VALUES (1304, 48, 18, '2008-09-25 00:00:00', '2008-10-04 00:00:00');
INSERT INTO islem (islemno, ogrno, kitapno, atarih, vtarih) VALUES (1305, 29, 5, '2008-09-27 00:00:00', '2008-10-19 00:00:00');
INSERT INTO islem (islemno, ogrno, kitapno, atarih, vtarih) VALUES (1306, 70, 28, '2008-09-28 00:00:00', '2008-10-04 00:00:00');
INSERT INTO islem (islemno, ogrno, kitapno, atarih, vtarih) VALUES (1307, 90, 12, '2008-10-01 00:00:00', '2008-10-05 00:00:00');
INSERT INTO islem (islemno, ogrno, kitapno, atarih, vtarih) VALUES (1308, 29, 24, '2008-10-02 00:00:00', '2008-10-18 00:00:00');
INSERT INTO islem (islemno, ogrno, kitapno, atarih, vtarih) VALUES (1309, 20, 16, '2008-10-02 00:00:00', '2008-10-06 00:00:00');
INSERT INTO islem (islemno, ogrno, kitapno, atarih, vtarih) VALUES (1310, 7, 33, '2008-10-03 00:00:00', '2008-10-25 00:00:00');
INSERT INTO islem (islemno, ogrno, kitapno, atarih, vtarih) VALUES (1311, 72, 40, '2008-10-03 00:00:00', '2008-10-12 00:00:00');
INSERT INTO islem (islemno, ogrno, kitapno, atarih, vtarih) VALUES (1312, 28, 39, '2008-10-03 00:00:00', '2008-10-21 00:00:00');
INSERT INTO islem (islemno, ogrno, kitapno, atarih, vtarih) VALUES (1313, 16, 14, '2008-10-03 00:00:00', '2008-10-18 00:00:00');
INSERT INTO islem (islemno, ogrno, kitapno, atarih, vtarih) VALUES (1314, 95, 42, '2008-10-04 00:00:00', '2008-10-09 00:00:00');
INSERT INTO islem (islemno, ogrno, kitapno, atarih, vtarih) VALUES (1315, 68, 13, '2008-10-07 00:00:00', '2008-10-28 00:00:00');
INSERT INTO islem (islemno, ogrno, kitapno, atarih, vtarih) VALUES (1316, 4, 24, '2008-10-07 00:00:00', '2008-10-09 00:00:00');
INSERT INTO islem (islemno, ogrno, kitapno, atarih, vtarih) VALUES (1317, 73, 6, '2008-10-08 00:00:00', '2008-10-11 00:00:00');
INSERT INTO islem (islemno, ogrno, kitapno, atarih, vtarih) VALUES (1318, 86, 37, '2008-10-08 00:00:00', '2008-10-29 00:00:00');
INSERT INTO islem (islemno, ogrno, kitapno, atarih, vtarih) VALUES (1319, 51, 12, '2008-10-09 00:00:00', '2008-10-11 00:00:00');
INSERT INTO islem (islemno, ogrno, kitapno, atarih, vtarih) VALUES (1320, 30, 37, '2008-10-10 00:00:00', '2008-10-20 00:00:00');
INSERT INTO islem (islemno, ogrno, kitapno, atarih, vtarih) VALUES (1321, 25, 44, '2008-10-10 00:00:00', '2008-10-22 00:00:00');
INSERT INTO islem (islemno, ogrno, kitapno, atarih, vtarih) VALUES (1322, 16, 10, '2008-10-10 00:00:00', '2008-10-26 00:00:00');
INSERT INTO islem (islemno, ogrno, kitapno, atarih, vtarih) VALUES (1323, 26, 3, '2008-10-10 00:00:00', '2008-10-28 00:00:00');
INSERT INTO islem (islemno, ogrno, kitapno, atarih, vtarih) VALUES (1324, 97, 17, '2008-10-11 00:00:00', '2008-10-29 00:00:00');
INSERT INTO islem (islemno, ogrno, kitapno, atarih, vtarih) VALUES (1325, 50, 21, '2008-10-14 00:00:00', '2008-11-01 00:00:00');
INSERT INTO islem (islemno, ogrno, kitapno, atarih, vtarih) VALUES (1326, 21, 28, '2008-10-14 00:00:00', '2008-10-26 00:00:00');
INSERT INTO islem (islemno, ogrno, kitapno, atarih, vtarih) VALUES (1327, 86, 19, '2008-10-14 00:00:00', '2008-10-21 00:00:00');
INSERT INTO islem (islemno, ogrno, kitapno, atarih, vtarih) VALUES (1328, 7, 16, '2008-10-15 00:00:00', '2008-10-16 00:00:00');
INSERT INTO islem (islemno, ogrno, kitapno, atarih, vtarih) VALUES (1329, 60, 35, '2008-10-15 00:00:00', '2008-11-02 00:00:00');
INSERT INTO islem (islemno, ogrno, kitapno, atarih, vtarih) VALUES (1330, 80, 23, '2008-10-16 00:00:00', '2008-11-03 00:00:00');
INSERT INTO islem (islemno, ogrno, kitapno, atarih, vtarih) VALUES (1331, 51, 14, '2008-10-16 00:00:00', '2008-10-16 00:00:00');
INSERT INTO islem (islemno, ogrno, kitapno, atarih, vtarih) VALUES (1332, 99, 36, '2008-10-18 00:00:00', '2008-11-01 00:00:00');
INSERT INTO islem (islemno, ogrno, kitapno, atarih, vtarih) VALUES (1333, 43, 5, '2008-10-18 00:00:00', '2008-11-07 00:00:00');
INSERT INTO islem (islemno, ogrno, kitapno, atarih, vtarih) VALUES (1334, 91, 17, '2008-10-18 00:00:00', '2008-11-08 00:00:00');
INSERT INTO islem (islemno, ogrno, kitapno, atarih, vtarih) VALUES (1335, 43, 4, '2008-10-19 00:00:00', '2008-10-31 00:00:00');
INSERT INTO islem (islemno, ogrno, kitapno, atarih, vtarih) VALUES (1336, 92, 1, '2008-10-19 00:00:00', '2008-10-25 00:00:00');
INSERT INTO islem (islemno, ogrno, kitapno, atarih, vtarih) VALUES (1337, 84, 15, '2008-10-20 00:00:00', '2008-11-03 00:00:00');
INSERT INTO islem (islemno, ogrno, kitapno, atarih, vtarih) VALUES (1338, 60, 13, '2008-10-20 00:00:00', '2008-11-05 00:00:00');
INSERT INTO islem (islemno, ogrno, kitapno, atarih, vtarih) VALUES (1339, 95, 30, '2008-10-20 00:00:00', '2008-11-01 00:00:00');
INSERT INTO islem (islemno, ogrno, kitapno, atarih, vtarih) VALUES (1340, 42, 18, '2008-10-22 00:00:00', '2008-11-11 00:00:00');
INSERT INTO islem (islemno, ogrno, kitapno, atarih, vtarih) VALUES (1341, 30, 4, '2008-10-23 00:00:00', '2008-11-10 00:00:00');
INSERT INTO islem (islemno, ogrno, kitapno, atarih, vtarih) VALUES (1342, 85, 19, '2008-10-25 00:00:00', '2008-11-15 00:00:00');
INSERT INTO islem (islemno, ogrno, kitapno, atarih, vtarih) VALUES (1343, 46, 23, '2008-10-25 00:00:00', '2008-11-14 00:00:00');
INSERT INTO islem (islemno, ogrno, kitapno, atarih, vtarih) VALUES (1344, 59, 43, '2008-10-26 00:00:00', '2008-11-15 00:00:00');
INSERT INTO islem (islemno, ogrno, kitapno, atarih, vtarih) VALUES (1345, 92, 2, '2008-10-27 00:00:00', '2008-11-14 00:00:00');
INSERT INTO islem (islemno, ogrno, kitapno, atarih, vtarih) VALUES (1346, 58, 1, '2008-10-27 00:00:00', '2008-11-16 00:00:00');
INSERT INTO islem (islemno, ogrno, kitapno, atarih, vtarih) VALUES (1347, 29, 41, '2008-10-27 00:00:00', '2008-10-31 00:00:00');
INSERT INTO islem (islemno, ogrno, kitapno, atarih, vtarih) VALUES (1348, 22, 33, '2008-10-28 00:00:00', '2008-11-08 00:00:00');
INSERT INTO islem (islemno, ogrno, kitapno, atarih, vtarih) VALUES (1349, 2, 7, '2008-10-28 00:00:00', '2008-11-11 00:00:00');
INSERT INTO islem (islemno, ogrno, kitapno, atarih, vtarih) VALUES (1350, 93, 28, '2008-11-01 00:00:00', '2008-11-21 00:00:00');
INSERT INTO islem (islemno, ogrno, kitapno, atarih, vtarih) VALUES (1351, 78, 14, '2008-11-01 00:00:00', '2008-11-16 00:00:00');
INSERT INTO islem (islemno, ogrno, kitapno, atarih, vtarih) VALUES (1352, 8, 40, '2008-11-02 00:00:00', '2008-11-10 00:00:00');
INSERT INTO islem (islemno, ogrno, kitapno, atarih, vtarih) VALUES (1353, 13, 21, '2008-11-02 00:00:00', '2008-11-18 00:00:00');
INSERT INTO islem (islemno, ogrno, kitapno, atarih, vtarih) VALUES (1354, 15, 39, '2008-11-03 00:00:00', '2008-11-24 00:00:00');
INSERT INTO islem (islemno, ogrno, kitapno, atarih, vtarih) VALUES (1355, 77, 37, '2008-11-03 00:00:00', '2008-11-12 00:00:00');
INSERT INTO islem (islemno, ogrno, kitapno, atarih, vtarih) VALUES (1356, 92, 7, '2008-11-03 00:00:00', '2008-11-12 00:00:00');
INSERT INTO islem (islemno, ogrno, kitapno, atarih, vtarih) VALUES (1357, 28, 40, '2008-11-04 00:00:00', '2008-11-25 00:00:00');
INSERT INTO islem (islemno, ogrno, kitapno, atarih, vtarih) VALUES (1358, 85, 15, '2008-11-04 00:00:00', '2008-11-09 00:00:00');
INSERT INTO islem (islemno, ogrno, kitapno, atarih, vtarih) VALUES (1359, 74, 24, '2008-11-05 00:00:00', '2008-11-17 00:00:00');
INSERT INTO islem (islemno, ogrno, kitapno, atarih, vtarih) VALUES (1360, 75, 29, '2008-11-05 00:00:00', '2008-11-11 00:00:00');
INSERT INTO islem (islemno, ogrno, kitapno, atarih, vtarih) VALUES (1361, 34, 29, '2008-11-05 00:00:00', '2008-11-09 00:00:00');
INSERT INTO islem (islemno, ogrno, kitapno, atarih, vtarih) VALUES (1362, 17, 38, '2008-11-05 00:00:00', '2008-11-05 00:00:00');
INSERT INTO islem (islemno, ogrno, kitapno, atarih, vtarih) VALUES (1363, 89, 13, '2008-11-05 00:00:00', '2008-11-11 00:00:00');
INSERT INTO islem (islemno, ogrno, kitapno, atarih, vtarih) VALUES (1364, 55, 41, '2008-11-06 00:00:00', '2008-11-12 00:00:00');
INSERT INTO islem (islemno, ogrno, kitapno, atarih, vtarih) VALUES (1365, 99, 37, '2008-11-06 00:00:00', '2008-11-14 00:00:00');
INSERT INTO islem (islemno, ogrno, kitapno, atarih, vtarih) VALUES (1366, 3, 15, '2008-11-07 00:00:00', '2008-11-08 00:00:00');
INSERT INTO islem (islemno, ogrno, kitapno, atarih, vtarih) VALUES (1367, 30, 42, '2008-11-09 00:00:00', '2008-11-09 00:00:00');
INSERT INTO islem (islemno, ogrno, kitapno, atarih, vtarih) VALUES (1368, 42, 40, '2008-11-09 00:00:00', '2008-11-26 00:00:00');
INSERT INTO islem (islemno, ogrno, kitapno, atarih, vtarih) VALUES (1369, 7, 20, '2008-11-10 00:00:00', '2008-11-18 00:00:00');
INSERT INTO islem (islemno, ogrno, kitapno, atarih, vtarih) VALUES (1370, 91, 28, '2008-11-11 00:00:00', '2008-11-19 00:00:00');
INSERT INTO islem (islemno, ogrno, kitapno, atarih, vtarih) VALUES (1371, 56, 25, '2008-11-12 00:00:00', '2008-12-01 00:00:00');
INSERT INTO islem (islemno, ogrno, kitapno, atarih, vtarih) VALUES (1372, 8, 12, '2008-11-14 00:00:00', '2008-11-16 00:00:00');
INSERT INTO islem (islemno, ogrno, kitapno, atarih, vtarih) VALUES (1373, 4, 32, '2008-11-16 00:00:00', '2008-12-06 00:00:00');
INSERT INTO islem (islemno, ogrno, kitapno, atarih, vtarih) VALUES (1374, 80, 12, '2008-11-17 00:00:00', '2008-12-03 00:00:00');
INSERT INTO islem (islemno, ogrno, kitapno, atarih, vtarih) VALUES (1375, 47, 30, '2008-11-18 00:00:00', '2008-11-24 00:00:00');
INSERT INTO islem (islemno, ogrno, kitapno, atarih, vtarih) VALUES (1376, 96, 4, '2008-11-18 00:00:00', '2008-11-30 00:00:00');
INSERT INTO islem (islemno, ogrno, kitapno, atarih, vtarih) VALUES (1377, 7, 34, '2008-11-18 00:00:00', '2008-12-10 00:00:00');
INSERT INTO islem (islemno, ogrno, kitapno, atarih, vtarih) VALUES (1378, 87, 25, '2008-11-18 00:00:00', '2008-11-20 00:00:00');
INSERT INTO islem (islemno, ogrno, kitapno, atarih, vtarih) VALUES (1379, 77, 3, '2008-11-18 00:00:00', '2008-11-19 00:00:00');
INSERT INTO islem (islemno, ogrno, kitapno, atarih, vtarih) VALUES (1380, 5, 40, '2008-11-18 00:00:00', '2008-11-30 00:00:00');
INSERT INTO islem (islemno, ogrno, kitapno, atarih, vtarih) VALUES (1381, 96, 23, '2008-11-20 00:00:00', '2008-11-23 00:00:00');
INSERT INTO islem (islemno, ogrno, kitapno, atarih, vtarih) VALUES (1382, 55, 31, '2008-11-20 00:00:00', '2008-11-30 00:00:00');
INSERT INTO islem (islemno, ogrno, kitapno, atarih, vtarih) VALUES (1383, 8, 17, '2008-11-21 00:00:00', '2008-11-29 00:00:00');
INSERT INTO islem (islemno, ogrno, kitapno, atarih, vtarih) VALUES (1384, 31, 33, '2008-11-21 00:00:00', '2008-12-05 00:00:00');
INSERT INTO islem (islemno, ogrno, kitapno, atarih, vtarih) VALUES (1385, 98, 43, '2008-11-21 00:00:00', '2008-11-21 00:00:00');
INSERT INTO islem (islemno, ogrno, kitapno, atarih, vtarih) VALUES (1386, 92, 7, '2008-11-22 00:00:00', '2008-12-03 00:00:00');
INSERT INTO islem (islemno, ogrno, kitapno, atarih, vtarih) VALUES (1387, 99, 7, '2008-11-22 00:00:00', '2008-11-29 00:00:00');
INSERT INTO islem (islemno, ogrno, kitapno, atarih, vtarih) VALUES (1388, 91, 1, '2008-11-22 00:00:00', '2008-12-09 00:00:00');
INSERT INTO islem (islemno, ogrno, kitapno, atarih, vtarih) VALUES (1389, 94, 14, '2008-11-24 00:00:00', '2008-11-27 00:00:00');
INSERT INTO islem (islemno, ogrno, kitapno, atarih, vtarih) VALUES (1390, 17, 24, '2008-11-25 00:00:00', '2008-12-01 00:00:00');
INSERT INTO islem (islemno, ogrno, kitapno, atarih, vtarih) VALUES (1391, 5, 17, '2008-11-25 00:00:00', '2008-11-25 00:00:00');
INSERT INTO islem (islemno, ogrno, kitapno, atarih, vtarih) VALUES (1392, 26, 33, '2008-11-26 00:00:00', '2008-12-10 00:00:00');
INSERT INTO islem (islemno, ogrno, kitapno, atarih, vtarih) VALUES (1393, 64, 29, '2008-11-26 00:00:00', '2008-11-27 00:00:00');
INSERT INTO islem (islemno, ogrno, kitapno, atarih, vtarih) VALUES (1394, 46, 12, '2008-11-27 00:00:00', '2008-12-19 00:00:00');
INSERT INTO islem (islemno, ogrno, kitapno, atarih, vtarih) VALUES (1395, 3, 1, '2008-11-27 00:00:00', '2008-12-04 00:00:00');
INSERT INTO islem (islemno, ogrno, kitapno, atarih, vtarih) VALUES (1396, 90, 6, '2008-11-27 00:00:00', '2008-11-30 00:00:00');
INSERT INTO islem (islemno, ogrno, kitapno, atarih, vtarih) VALUES (1397, 23, 12, '2008-11-27 00:00:00', '2008-12-07 00:00:00');
INSERT INTO islem (islemno, ogrno, kitapno, atarih, vtarih) VALUES (1398, 23, 9, '2008-11-28 00:00:00', '2008-12-03 00:00:00');
INSERT INTO islem (islemno, ogrno, kitapno, atarih, vtarih) VALUES (1399, 37, 44, '2008-11-28 00:00:00', '2008-11-28 00:00:00');
INSERT INTO islem (islemno, ogrno, kitapno, atarih, vtarih) VALUES (1400, 6, 31, '2008-11-28 00:00:00', '2008-12-08 00:00:00');

-- Table: kitap
CREATE TABLE IF NOT EXISTS kitap (kitapno INTEGER PRIMARY KEY AUTOINCREMENT, isbnno varchar (20) DEFAULT NULL, kitapadi varchar (28) DEFAULT NULL, yazarno tinyint (4) DEFAULT NULL REFERENCES yazar (yazarno), turno tinyint (4) DEFAULT NULL REFERENCES tur (turno), sayfasayisi smallint (6) DEFAULT NULL, puan tinyint (4) DEFAULT NULL);
INSERT INTO kitap (kitapno, isbnno, kitapadi, yazarno, turno, sayfasayisi, puan) VALUES (1, '253-335-3934-16-4   ', 'Abdlhamidin Kurtlarla Dans', 26, 3, 368, 22);
INSERT INTO kitap (kitapno, isbnno, kitapadi, yazarno, turno, sayfasayisi, puan) VALUES (2, '295-115-3846-25-2   ', 'Ablam Nereye Kardlar', 6, 1, 220, 27);
INSERT INTO kitap (kitapno, isbnno, kitapadi, yazarno, turno, sayfasayisi, puan) VALUES (3, '127-255-2542-27-4   ', 'Anayurttan Anadoluya', 18, 6, 311, 19);
INSERT INTO kitap (kitapno, isbnno, kitapadi, yazarno, turno, sayfasayisi, puan) VALUES (4, '292-246-1768-30-4   ', 'Anneannem Gelin Oldu', 22, 4, 135, 15);
INSERT INTO kitap (kitapno, isbnno, kitapadi, yazarno, turno, sayfasayisi, puan) VALUES (5, '133-135-1902-34-4   ', 'Antik Aclar', 10, 3, 179, 28);
INSERT INTO kitap (kitapno, isbnno, kitapadi, yazarno, turno, sayfasayisi, puan) VALUES (6, '227-381-2011-10-2   ', 'Ak Ve br Cinler', 25, 1, 242, 18);
INSERT INTO kitap (kitapno, isbnno, kitapadi, yazarno, turno, sayfasayisi, puan) VALUES (7, '295-374-1891-21-2   ', 'Aksz nsanlar', 22, 3, 346, 18);
INSERT INTO kitap (kitapno, isbnno, kitapadi, yazarno, turno, sayfasayisi, puan) VALUES (8, '212-395-2870-16-8   ', 'Atuan Mezarlar', 28, 6, 389, 16);
INSERT INTO kitap (kitapno, isbnno, kitapadi, yazarno, turno, sayfasayisi, puan) VALUES (9, '266-179-1159-15-2   ', 'Bahar syancdr', 6, 4, 259, 25);
INSERT INTO kitap (kitapno, isbnno, kitapadi, yazarno, turno, sayfasayisi, puan) VALUES (10, '141-285-1954-21-5   ', 'Benim niversitelerim', 27, 2, 391, 15);
INSERT INTO kitap (kitapno, isbnno, kitapadi, yazarno, turno, sayfasayisi, puan) VALUES (11, '393-320-3629-26-4   ', 'Bir Gemide', 19, 6, 89, 16);
INSERT INTO kitap (kitapno, isbnno, kitapadi, yazarno, turno, sayfasayisi, puan) VALUES (12, '195-164-1129-21-1   ', 'Bir Ses Bler Geceyi', 6, 4, 265, 14);
INSERT INTO kitap (kitapno, isbnno, kitapadi, yazarno, turno, sayfasayisi, puan) VALUES (13, '205-235-3170-13-6   ', 'Boazii ngr Mngr', 20, 6, 160, 14);
INSERT INTO kitap (kitapno, isbnno, kitapadi, yazarno, turno, sayfasayisi, puan) VALUES (14, '128-392-2346-31-8   ', 'Borlu Olduklarmz', 27, 5, 383, 14);
INSERT INTO kitap (kitapno, isbnno, kitapadi, yazarno, turno, sayfasayisi, puan) VALUES (15, '233-100-3467-22-3   ', 'Bycler', 5, 6, 188, 16);
INSERT INTO kitap (kitapno, isbnno, kitapadi, yazarno, turno, sayfasayisi, puan) VALUES (16, '322-328-2571-13-7   ', 'Danmanlk ncileri', 28, 5, 393, 20);
INSERT INTO kitap (kitapno, isbnno, kitapadi, yazarno, turno, sayfasayisi, puan) VALUES (17, '260-357-1043-15-5   ', 'Dol Karabekir Dol', 6, 3, 338, 11);
INSERT INTO kitap (kitapno, isbnno, kitapadi, yazarno, turno, sayfasayisi, puan) VALUES (18, '362-284-2000-13-6   ', 'Dler D', 5, 6, 109, 21);
INSERT INTO kitap (kitapno, isbnno, kitapadi, yazarno, turno, sayfasayisi, puan) VALUES (19, '226-379-1465-26-3   ', 'Haset Ve kran', 12, 3, 151, 19);
INSERT INTO kitap (kitapno, isbnno, kitapadi, yazarno, turno, sayfasayisi, puan) VALUES (20, '307-393-1346-24-1   ', 'nsanlarmz 3', 27, 3, 134, 11);
INSERT INTO kitap (kitapno, isbnno, kitapadi, yazarno, turno, sayfasayisi, puan) VALUES (21, '165-174-2247-28-1   ', 'Kadnlar Okulu', 15, 1, 391, 24);
INSERT INTO kitap (kitapno, isbnno, kitapadi, yazarno, turno, sayfasayisi, puan) VALUES (22, '103-286-1279-21-2   ', 'Kapitalist Toplum', 23, 3, 161, 10);
INSERT INTO kitap (kitapno, isbnno, kitapadi, yazarno, turno, sayfasayisi, puan) VALUES (23, '209-392-2760-28-7   ', 'Lal Masallar', 11, 5, 313, 26);
INSERT INTO kitap (kitapno, isbnno, kitapadi, yazarno, turno, sayfasayisi, puan) VALUES (24, '381-215-2765-22-6   ', 'Makas', 15, 1, 320, 26);
INSERT INTO kitap (kitapno, isbnno, kitapadi, yazarno, turno, sayfasayisi, puan) VALUES (25, '148-336-3787-29-4   ', 'Minima Morelia', 9, 4, 183, 22);
INSERT INTO kitap (kitapno, isbnno, kitapadi, yazarno, turno, sayfasayisi, puan) VALUES (26, '218-194-3502-20-1   ', 'Raikin Annesi', 23, 6, 93, 13);
INSERT INTO kitap (kitapno, isbnno, kitapadi, yazarno, turno, sayfasayisi, puan) VALUES (27, '251-275-2168-11-8   ', 'Rana', 8, 4, 135, 21);
INSERT INTO kitap (kitapno, isbnno, kitapadi, yazarno, turno, sayfasayisi, puan) VALUES (28, '140-274-3728-27-3   ', 'Rengahenk', 12, 6, 149, 19);
INSERT INTO kitap (kitapno, isbnno, kitapadi, yazarno, turno, sayfasayisi, puan) VALUES (29, '135-309-2577-18-8   ', 'Sarkamtan Esarete', 16, 5, 178, 18);
INSERT INTO kitap (kitapno, isbnno, kitapadi, yazarno, turno, sayfasayisi, puan) VALUES (30, '398-276-1811-34-5   ', 'Sava Sanat', 20, 2, 256, 13);
INSERT INTO kitap (kitapno, isbnno, kitapadi, yazarno, turno, sayfasayisi, puan) VALUES (31, '236-132-3581-29-1   ', 'Sessiz Arka Baheler', 8, 5, 248, 24);
INSERT INTO kitap (kitapno, isbnno, kitapadi, yazarno, turno, sayfasayisi, puan) VALUES (32, '307-340-3979-23-4   ', 'Srad Filozoflar', 26, 2, 314, 16);
INSERT INTO kitap (kitapno, isbnno, kitapadi, yazarno, turno, sayfasayisi, puan) VALUES (33, '301-164-2841-35-3   ', 'Telgrafhane', 19, 6, 293, 21);
INSERT INTO kitap (kitapno, isbnno, kitapadi, yazarno, turno, sayfasayisi, puan) VALUES (34, '195-195-1004-17-3   ', 'Toprak', 23, 2, 230, 12);
INSERT INTO kitap (kitapno, isbnno, kitapadi, yazarno, turno, sayfasayisi, puan) VALUES (35, '281-239-3080-17-5   ', 'skdarda Sabah Oldu', 13, 5, 101, 20);
INSERT INTO kitap (kitapno, isbnno, kitapadi, yazarno, turno, sayfasayisi, puan) VALUES (36, '226-265-1500-21-5   ', 'Yedi klim Drt Bucak', 25, 2, 282, 16);
INSERT INTO kitap (kitapno, isbnno, kitapadi, yazarno, turno, sayfasayisi, puan) VALUES (37, '266-280-3443-17-7   ', 'Zararl Alkanlklar', 10, 5, 203, 14);
INSERT INTO kitap (kitapno, isbnno, kitapadi, yazarno, turno, sayfasayisi, puan) VALUES (38, '322-236-2524-16-2   ', 'Zengin Kadn', 28, 5, 304, 15);
INSERT INTO kitap (kitapno, isbnno, kitapadi, yazarno, turno, sayfasayisi, puan) VALUES (39, '294-226-2889-15-1   ', 'Abluka', 7, 1, 220, 12);
INSERT INTO kitap (kitapno, isbnno, kitapadi, yazarno, turno, sayfasayisi, puan) VALUES (40, '224-383-3420-14-8   ', 'Alk', 20, 3, 294, 27);
INSERT INTO kitap (kitapno, isbnno, kitapadi, yazarno, turno, sayfasayisi, puan) VALUES (41, '189-209-3005-20-5   ', 'Ad Aylin', 6, 2, 97, 22);
INSERT INTO kitap (kitapno, isbnno, kitapadi, yazarno, turno, sayfasayisi, puan) VALUES (42, '399-158-2002-16-5   ', 'Akln syan', 24, 4, 297, 14);
INSERT INTO kitap (kitapno, isbnno, kitapadi, yazarno, turno, sayfasayisi, puan) VALUES (43, '312-215-2630-27-2   ', 'Araba Sevdas', 11, 2, 168, 18);
INSERT INTO kitap (kitapno, isbnno, kitapadi, yazarno, turno, sayfasayisi, puan) VALUES (44, '220-275-2636-35-7   ', 'Araf', 16, 1, 235, 16);
INSERT INTO kitap (kitapno, isbnno, kitapadi, yazarno, turno, sayfasayisi, puan) VALUES (45, '280-188-3589-22-8   ', 'Baar Rehberi', 1, 4, 116, 14);

-- Table: ogrenci
CREATE TABLE IF NOT EXISTS ogrenci (ogrno INTEGER PRIMARY KEY AUTOINCREMENT, ograd varchar (10) DEFAULT NULL, ogrsoyad varchar (20) DEFAULT NULL, cinsiyet varchar (1) DEFAULT NULL, dtarih varchar (19) DEFAULT NULL, sinif varchar (4) DEFAULT NULL, sehir VARCHAR(50), dogum_yeri VARCHAR(50) DEFAULT 'Trkiye');
INSERT INTO ogrenci (ogrno, ograd, ogrsoyad, cinsiyet, dtarih, sinif, sehir, dogum_yeri) VALUES (1, 'Hlya     ', 'Yiit               ', 'K', '1990-04-08 00:00:00', '10A ', NULL, 'Trkiye');
INSERT INTO ogrenci (ogrno, ograd, ogrsoyad, cinsiyet, dtarih, sinif, sehir, dogum_yeri) VALUES (2, 'Niyazi    ', 'Sevin              ', 'E', '1990-11-11 00:00:00', '9B  ', NULL, 'Trkiye');
INSERT INTO ogrenci (ogrno, ograd, ogrsoyad, cinsiyet, dtarih, sinif, sehir, dogum_yeri) VALUES (3, 'smail    ', 'Sevin              ', 'E', '1990-04-17 00:00:00', '10B ', NULL, 'Trkiye');
INSERT INTO ogrenci (ogrno, ograd, ogrsoyad, cinsiyet, dtarih, sinif, sehir, dogum_yeri) VALUES (4, 'Kenan     ', 'Emin                ', 'E', '1988-02-23 00:00:00', '9A  ', NULL, 'Trkiye');
INSERT INTO ogrenci (ogrno, ograd, ogrsoyad, cinsiyet, dtarih, sinif, sehir, dogum_yeri) VALUES (5, 'Sema      ', 'Bakr               ', 'K', '1990-04-07 00:00:00', '9B  ', NULL, 'Trkiye');
INSERT INTO ogrenci (ogrno, ograd, ogrsoyad, cinsiyet, dtarih, sinif, sehir, dogum_yeri) VALUES (6, 'Deniz     ', 'Kara                ', 'E', '1989-07-21 00:00:00', '9C  ', NULL, 'Trkiye');
INSERT INTO ogrenci (ogrno, ograd, ogrsoyad, cinsiyet, dtarih, sinif, sehir, dogum_yeri) VALUES (7, 'Betl     ', 'Cokun              ', 'K', '1990-01-10 00:00:00', '11A ', NULL, 'Trkiye');
INSERT INTO ogrenci (ogrno, ograd, ogrsoyad, cinsiyet, dtarih, sinif, sehir, dogum_yeri) VALUES (8, 'Sema      ', 'Rzgar              ', 'K', '1989-11-14 00:00:00', '9C  ', NULL, 'Trkiye');
INSERT INTO ogrenci (ogrno, ograd, ogrsoyad, cinsiyet, dtarih, sinif, sehir, dogum_yeri) VALUES (9, 'Fadime    ', 'Dnmez              ', 'K', '1989-09-11 00:00:00', '9A  ', NULL, 'Trkiye');
INSERT INTO ogrenci (ogrno, ograd, ogrsoyad, cinsiyet, dtarih, sinif, sehir, dogum_yeri) VALUES (10, 'Rza      ', 'Ko                 ', 'E', '1990-01-26 00:00:00', '10B ', NULL, 'Trkiye');
INSERT INTO ogrenci (ogrno, ograd, ogrsoyad, cinsiyet, dtarih, sinif, sehir, dogum_yeri) VALUES (11, 'Ceylan    ', 'Kabak               ', 'K', '1988-02-02 00:00:00', '10B ', NULL, 'Trkiye');
INSERT INTO ogrenci (ogrno, ograd, ogrsoyad, cinsiyet, dtarih, sinif, sehir, dogum_yeri) VALUES (12, 'Deniz     ', 'Akakaya            ', 'E', '1989-01-24 00:00:00', '11A ', NULL, 'Trkiye');
INSERT INTO ogrenci (ogrno, ograd, ogrsoyad, cinsiyet, dtarih, sinif, sehir, dogum_yeri) VALUES (13, 'Kemal     ', 'Karapnar           ', 'E', '1990-10-23 00:00:00', '11A ', NULL, 'Trkiye');
INSERT INTO ogrenci (ogrno, ograd, ogrsoyad, cinsiyet, dtarih, sinif, sehir, dogum_yeri) VALUES (14, 'Derya     ', 'Ylbur              ', 'K', '1990-08-12 00:00:00', '10C ', NULL, 'Trkiye');
INSERT INTO ogrenci (ogrno, ograd, ogrsoyad, cinsiyet, dtarih, sinif, sehir, dogum_yeri) VALUES (15, 'Filiz     ', 'Akat                ', 'K', '1989-09-09 00:00:00', '10A ', NULL, 'Trkiye');
INSERT INTO ogrenci (ogrno, ograd, ogrsoyad, cinsiyet, dtarih, sinif, sehir, dogum_yeri) VALUES (16, 'Niyazi    ', 'Dnmez              ', 'E', '1988-05-08 00:00:00', '11A ', NULL, 'Trkiye');
INSERT INTO ogrenci (ogrno, ograd, ogrsoyad, cinsiyet, dtarih, sinif, sehir, dogum_yeri) VALUES (17, 'Sema      ', 'Sekmen              ', 'K', '1990-08-16 00:00:00', '10B ', NULL, 'Trkiye');
INSERT INTO ogrenci (ogrno, ograd, ogrsoyad, cinsiyet, dtarih, sinif, sehir, dogum_yeri) VALUES (18, 'smail    ', 'Balc               ', 'E', '1990-09-09 00:00:00', '9C  ', NULL, 'Trkiye');
INSERT INTO ogrenci (ogrno, ograd, ogrsoyad, cinsiyet, dtarih, sinif, sehir, dogum_yeri) VALUES (19, 'Ahmet     ', 'Yldz              ', 'E', '1989-04-25 00:00:00', '11A ', NULL, 'Trkiye');
INSERT INTO ogrenci (ogrno, ograd, ogrsoyad, cinsiyet, dtarih, sinif, sehir, dogum_yeri) VALUES (20, 'Hasan     ', 'Alp                 ', 'E', '1990-10-20 00:00:00', '9A  ', NULL, 'Trkiye');
INSERT INTO ogrenci (ogrno, ograd, ogrsoyad, cinsiyet, dtarih, sinif, sehir, dogum_yeri) VALUES (21, 'Derya     ', 'ahin               ', 'K', '1989-01-25 00:00:00', '9C  ', NULL, 'Trkiye');
INSERT INTO ogrenci (ogrno, ograd, ogrsoyad, cinsiyet, dtarih, sinif, sehir, dogum_yeri) VALUES (22, 'Sleyman  ', 'Rzgar              ', 'E', '1989-11-20 00:00:00', '10C ', NULL, 'Trkiye');
INSERT INTO ogrenci (ogrno, ograd, ogrsoyad, cinsiyet, dtarih, sinif, sehir, dogum_yeri) VALUES (23, 'Fatma     ', 'Akakaya            ', 'K', '1989-11-23 00:00:00', '11A ', NULL, 'Trkiye');
INSERT INTO ogrenci (ogrno, ograd, ogrsoyad, cinsiyet, dtarih, sinif, sehir, dogum_yeri) VALUES (24, 'Fidan     ', 'Tademir            ', 'K', '1990-01-04 00:00:00', '9B  ', NULL, 'Trkiye');
INSERT INTO ogrenci (ogrno, ograd, ogrsoyad, cinsiyet, dtarih, sinif, sehir, dogum_yeri) VALUES (25, 'Cemil     ', 'Yazar               ', 'E', '1988-07-13 00:00:00', '9B  ', NULL, 'Trkiye');
INSERT INTO ogrenci (ogrno, ograd, ogrsoyad, cinsiyet, dtarih, sinif, sehir, dogum_yeri) VALUES (26, 'Hlya     ', 'Yiit               ', 'K', '1990-01-03 00:00:00', '11A ', NULL, 'Trkiye');
INSERT INTO ogrenci (ogrno, ograd, ogrsoyad, cinsiyet, dtarih, sinif, sehir, dogum_yeri) VALUES (27, 'Mustafa   ', 'Can                 ', 'E', '1988-03-10 00:00:00', '10C ', NULL, 'Trkiye');
INSERT INTO ogrenci (ogrno, ograd, ogrsoyad, cinsiyet, dtarih, sinif, sehir, dogum_yeri) VALUES (28, 'smail    ', 'Kara                ', 'E', '1989-08-12 00:00:00', '9A  ', NULL, 'Trkiye');
INSERT INTO ogrenci (ogrno, ograd, ogrsoyad, cinsiyet, dtarih, sinif, sehir, dogum_yeri) VALUES (29, 'Ali       ', 'amak               ', 'E', '1988-04-22 00:00:00', '9B  ', NULL, 'Trkiye');
INSERT INTO ogrenci (ogrno, ograd, ogrsoyad, cinsiyet, dtarih, sinif, sehir, dogum_yeri) VALUES (30, 'Mmtaz    ', 'Topal               ', 'E', '1988-05-22 00:00:00', '9B  ', NULL, 'Trkiye');
INSERT INTO ogrenci (ogrno, ograd, ogrsoyad, cinsiyet, dtarih, sinif, sehir, dogum_yeri) VALUES (31, 'Filiz     ', 'Ezer                ', 'K', '1989-03-26 00:00:00', '9C  ', NULL, 'Trkiye');
INSERT INTO ogrenci (ogrno, ograd, ogrsoyad, cinsiyet, dtarih, sinif, sehir, dogum_yeri) VALUES (32, 'smail    ', 'Yiit               ', 'E', '1990-10-10 00:00:00', '9C  ', NULL, 'Trkiye');
INSERT INTO ogrenci (ogrno, ograd, ogrsoyad, cinsiyet, dtarih, sinif, sehir, dogum_yeri) VALUES (33, 'Aye      ', 'amak               ', 'K', '1989-07-22 00:00:00', '9B  ', NULL, 'Trkiye');
INSERT INTO ogrenci (ogrno, ograd, ogrsoyad, cinsiyet, dtarih, sinif, sehir, dogum_yeri) VALUES (34, 'Sabri     ', 'Can                 ', 'E', '1989-02-26 00:00:00', '9B  ', NULL, 'Trkiye');
INSERT INTO ogrenci (ogrno, ograd, ogrsoyad, cinsiyet, dtarih, sinif, sehir, dogum_yeri) VALUES (35, 'Derya     ', 'Kk               ', 'K', '1989-05-28 00:00:00', '10A ', NULL, 'Trkiye');
INSERT INTO ogrenci (ogrno, ograd, ogrsoyad, cinsiyet, dtarih, sinif, sehir, dogum_yeri) VALUES (36, 'Rza      ', 'Yldz              ', 'E', '1989-10-11 00:00:00', '10C ', NULL, 'Trkiye');
INSERT INTO ogrenci (ogrno, ograd, ogrsoyad, cinsiyet, dtarih, sinif, sehir, dogum_yeri) VALUES (37, 'enol     ', 'Da                 ', 'E', '1989-04-14 00:00:00', '10B ', NULL, 'Trkiye');
INSERT INTO ogrenci (ogrno, ograd, ogrsoyad, cinsiyet, dtarih, sinif, sehir, dogum_yeri) VALUES (38, 'Hlya     ', 'Balc               ', 'K', '1990-05-19 00:00:00', '10C ', NULL, 'Trkiye');
INSERT INTO ogrenci (ogrno, ograd, ogrsoyad, cinsiyet, dtarih, sinif, sehir, dogum_yeri) VALUES (39, 'Hakk     ', 'Akakaya            ', 'E', '1988-01-10 00:00:00', '11A ', NULL, 'Trkiye');
INSERT INTO ogrenci (ogrno, ograd, ogrsoyad, cinsiyet, dtarih, sinif, sehir, dogum_yeri) VALUES (40, 'Sleyman  ', 'Kl               ', 'E', '1988-02-09 00:00:00', '11A ', NULL, 'Trkiye');
INSERT INTO ogrenci (ogrno, ograd, ogrsoyad, cinsiyet, dtarih, sinif, sehir, dogum_yeri) VALUES (41, 'Leyla     ', 'Da                 ', 'K', '1988-10-12 00:00:00', '9B  ', NULL, 'Trkiye');
INSERT INTO ogrenci (ogrno, ograd, ogrsoyad, cinsiyet, dtarih, sinif, sehir, dogum_yeri) VALUES (42, 'Hakk     ', 'Akta               ', 'E', '1990-11-24 00:00:00', '10A ', NULL, 'Trkiye');
INSERT INTO ogrenci (ogrno, ograd, ogrsoyad, cinsiyet, dtarih, sinif, sehir, dogum_yeri) VALUES (43, 'lyas     ', 'amak               ', 'E', '1988-11-06 00:00:00', '10A ', NULL, 'Trkiye');
INSERT INTO ogrenci (ogrno, ograd, ogrsoyad, cinsiyet, dtarih, sinif, sehir, dogum_yeri) VALUES (44, 'Rza      ', 'Karapnar           ', 'E', '1989-07-23 00:00:00', '10C ', NULL, 'Trkiye');
INSERT INTO ogrenci (ogrno, ograd, ogrsoyad, cinsiyet, dtarih, sinif, sehir, dogum_yeri) VALUES (45, 'Deniz     ', 'Gven               ', 'E', '1990-10-09 00:00:00', '10C ', NULL, 'Trkiye');
INSERT INTO ogrenci (ogrno, ograd, ogrsoyad, cinsiyet, dtarih, sinif, sehir, dogum_yeri) VALUES (46, 'Eref     ', 'Demir               ', 'E', '1990-07-11 00:00:00', '9C  ', NULL, 'Trkiye');
INSERT INTO ogrenci (ogrno, ograd, ogrsoyad, cinsiyet, dtarih, sinif, sehir, dogum_yeri) VALUES (47, 'Kenan     ', 'Can                 ', 'E', '1990-07-16 00:00:00', '10B ', NULL, 'Trkiye');
INSERT INTO ogrenci (ogrno, ograd, ogrsoyad, cinsiyet, dtarih, sinif, sehir, dogum_yeri) VALUES (48, 'Niyazi    ', 'Karakaya            ', 'E', '1989-01-14 00:00:00', '9B  ', NULL, 'Trkiye');
INSERT INTO ogrenci (ogrno, ograd, ogrsoyad, cinsiyet, dtarih, sinif, sehir, dogum_yeri) VALUES (49, 'Kemal     ', 'Emin                ', 'E', '1990-10-13 00:00:00', '11A ', NULL, 'Trkiye');
INSERT INTO ogrenci (ogrno, ograd, ogrsoyad, cinsiyet, dtarih, sinif, sehir, dogum_yeri) VALUES (50, 'Fadime    ', 'Karaka             ', 'K', '1990-05-05 00:00:00', '9B  ', NULL, 'Trkiye');
INSERT INTO ogrenci (ogrno, ograd, ogrsoyad, cinsiyet, dtarih, sinif, sehir, dogum_yeri) VALUES (51, 'enol     ', 'Cokun              ', 'E', '1988-09-14 00:00:00', '9C  ', NULL, 'Trkiye');
INSERT INTO ogrenci (ogrno, ograd, ogrsoyad, cinsiyet, dtarih, sinif, sehir, dogum_yeri) VALUES (52, 'lyas     ', 'Ylbur              ', 'E', '1988-05-12 00:00:00', '11A ', NULL, 'Trkiye');
INSERT INTO ogrenci (ogrno, ograd, ogrsoyad, cinsiyet, dtarih, sinif, sehir, dogum_yeri) VALUES (53, 'Sabri     ', 'Karakaya            ', 'E', '1988-03-05 00:00:00', '11A ', NULL, 'Trkiye');
INSERT INTO ogrenci (ogrno, ograd, ogrsoyad, cinsiyet, dtarih, sinif, sehir, dogum_yeri) VALUES (54, 'Filiz     ', 'Kabak               ', 'K', '1989-03-21 00:00:00', '9A  ', NULL, 'Trkiye');
INSERT INTO ogrenci (ogrno, ograd, ogrsoyad, cinsiyet, dtarih, sinif, sehir, dogum_yeri) VALUES (55, 'Rza      ', 'Anl                ', 'E', '1988-01-15 00:00:00', '11A ', NULL, 'Trkiye');
INSERT INTO ogrenci (ogrno, ograd, ogrsoyad, cinsiyet, dtarih, sinif, sehir, dogum_yeri) VALUES (56, 'Zeynep    ', 'Sarkaya            ', 'K', '1989-05-08 00:00:00', '9A  ', NULL, 'Trkiye');
INSERT INTO ogrenci (ogrno, ograd, ogrsoyad, cinsiyet, dtarih, sinif, sehir, dogum_yeri) VALUES (57, 'Fidan     ', 'Kl               ', 'K', '1989-04-04 00:00:00', '9A  ', NULL, 'Trkiye');
INSERT INTO ogrenci (ogrno, ograd, ogrsoyad, cinsiyet, dtarih, sinif, sehir, dogum_yeri) VALUES (58, 'Rza      ', 'Karaka             ', 'E', '1988-04-06 00:00:00', '9A  ', NULL, 'Trkiye');
INSERT INTO ogrenci (ogrno, ograd, ogrsoyad, cinsiyet, dtarih, sinif, sehir, dogum_yeri) VALUES (59, 'Cemil     ', 'Kara                ', 'E', '1989-10-15 00:00:00', '9A  ', NULL, 'Trkiye');
INSERT INTO ogrenci (ogrno, ograd, ogrsoyad, cinsiyet, dtarih, sinif, sehir, dogum_yeri) VALUES (60, 'Fatma     ', 'Karaka             ', 'K', '1990-10-16 00:00:00', '9B  ', NULL, 'Trkiye');
INSERT INTO ogrenci (ogrno, ograd, ogrsoyad, cinsiyet, dtarih, sinif, sehir, dogum_yeri) VALUES (61, 'Nazm     ', 'Bakara             ', 'E', '1988-04-18 00:00:00', '11A ', NULL, 'Trkiye');
INSERT INTO ogrenci (ogrno, ograd, ogrsoyad, cinsiyet, dtarih, sinif, sehir, dogum_yeri) VALUES (62, 'Mmtaz    ', 'amak               ', 'E', '1989-05-23 00:00:00', '9B  ', NULL, 'Trkiye');
INSERT INTO ogrenci (ogrno, ograd, ogrsoyad, cinsiyet, dtarih, sinif, sehir, dogum_yeri) VALUES (63, 'Zeynep    ', 'Yiit               ', 'K', '1990-05-01 00:00:00', '9C  ', NULL, 'Trkiye');
INSERT INTO ogrenci (ogrno, ograd, ogrsoyad, cinsiyet, dtarih, sinif, sehir, dogum_yeri) VALUES (64, 'Leyla     ', 'Tademir            ', 'K', '1989-10-08 00:00:00', '10B ', NULL, 'Trkiye');
INSERT INTO ogrenci (ogrno, ograd, ogrsoyad, cinsiyet, dtarih, sinif, sehir, dogum_yeri) VALUES (65, 'Kenan     ', 'Baak               ', 'E', '1988-06-11 00:00:00', '10A ', NULL, 'Trkiye');
INSERT INTO ogrenci (ogrno, ograd, ogrsoyad, cinsiyet, dtarih, sinif, sehir, dogum_yeri) VALUES (66, 'Cemil     ', 'Topal               ', 'E', '1988-04-08 00:00:00', '10A ', NULL, 'Trkiye');
INSERT INTO ogrenci (ogrno, ograd, ogrsoyad, cinsiyet, dtarih, sinif, sehir, dogum_yeri) VALUES (67, 'Behll    ', 'Emin                ', 'E', '1990-11-06 00:00:00', '10A ', NULL, 'Trkiye');
INSERT INTO ogrenci (ogrno, ograd, ogrsoyad, cinsiyet, dtarih, sinif, sehir, dogum_yeri) VALUES (68, 'enol     ', 'Karakaya            ', 'E', '1990-08-02 00:00:00', '10A ', NULL, 'Trkiye');
INSERT INTO ogrenci (ogrno, ograd, ogrsoyad, cinsiyet, dtarih, sinif, sehir, dogum_yeri) VALUES (69, 'Eref     ', 'Kk               ', 'E', '1990-03-14 00:00:00', '10B ', NULL, 'Trkiye');
INSERT INTO ogrenci (ogrno, ograd, ogrsoyad, cinsiyet, dtarih, sinif, sehir, dogum_yeri) VALUES (70, 'nci      ', 'Can                 ', 'K', '1990-10-16 00:00:00', '11A ', NULL, 'Trkiye');
INSERT INTO ogrenci (ogrno, ograd, ogrsoyad, cinsiyet, dtarih, sinif, sehir, dogum_yeri) VALUES (71, 'Derya     ', 'Baak               ', 'K', '1988-08-28 00:00:00', '9C  ', NULL, 'Trkiye');
INSERT INTO ogrenci (ogrno, ograd, ogrsoyad, cinsiyet, dtarih, sinif, sehir, dogum_yeri) VALUES (72, 'Leyla     ', 'Karapnar           ', 'K', '1988-04-10 00:00:00', '10B ', NULL, 'Trkiye');
INSERT INTO ogrenci (ogrno, ograd, ogrsoyad, cinsiyet, dtarih, sinif, sehir, dogum_yeri) VALUES (73, 'Deniz     ', 'Dnmez              ', 'E', '1990-06-16 00:00:00', '10C ', NULL, 'Trkiye');
INSERT INTO ogrenci (ogrno, ograd, ogrsoyad, cinsiyet, dtarih, sinif, sehir, dogum_yeri) VALUES (74, 'Mehmet    ', 'Dnmez              ', 'E', '1990-08-15 00:00:00', '10A ', NULL, 'Trkiye');
INSERT INTO ogrenci (ogrno, ograd, ogrsoyad, cinsiyet, dtarih, sinif, sehir, dogum_yeri) VALUES (75, 'Emine     ', 'Ylbur              ', 'K', '1988-05-22 00:00:00', '9C  ', NULL, 'Trkiye');
INSERT INTO ogrenci (ogrno, ograd, ogrsoyad, cinsiyet, dtarih, sinif, sehir, dogum_yeri) VALUES (76, 'Pnar     ', 'Karakaya            ', 'K', '1989-05-09 00:00:00', '9C  ', NULL, 'Trkiye');
INSERT INTO ogrenci (ogrno, ograd, ogrsoyad, cinsiyet, dtarih, sinif, sehir, dogum_yeri) VALUES (77, 'nci      ', 'Alp                 ', 'K', '1989-10-06 00:00:00', '9C  ', NULL, 'Trkiye');
INSERT INTO ogrenci (ogrno, ograd, ogrsoyad, cinsiyet, dtarih, sinif, sehir, dogum_yeri) VALUES (78, 'Pnar     ', 'Yldz              ', 'K', '1988-11-13 00:00:00', '10B ', NULL, 'Trkiye');
INSERT INTO ogrenci (ogrno, ograd, ogrsoyad, cinsiyet, dtarih, sinif, sehir, dogum_yeri) VALUES (79, 'enol     ', 'elik               ', 'E', '1989-09-13 00:00:00', '9A  ', NULL, 'Trkiye');
INSERT INTO ogrenci (ogrno, ograd, ogrsoyad, cinsiyet, dtarih, sinif, sehir, dogum_yeri) VALUES (80, 'Fidan     ', 'Bakr               ', 'K', '1990-03-15 00:00:00', '10C ', NULL, 'Trkiye');
INSERT INTO ogrenci (ogrno, ograd, ogrsoyad, cinsiyet, dtarih, sinif, sehir, dogum_yeri) VALUES (81, 'Remzi     ', 'Akat                ', 'E', '1988-03-24 00:00:00', '10A ', NULL, 'Trkiye');
INSERT INTO ogrenci (ogrno, ograd, ogrsoyad, cinsiyet, dtarih, sinif, sehir, dogum_yeri) VALUES (82, 'Emine     ', 'Alp                 ', 'K', '1990-03-14 00:00:00', '11A ', NULL, 'Trkiye');
INSERT INTO ogrenci (ogrno, ograd, ogrsoyad, cinsiyet, dtarih, sinif, sehir, dogum_yeri) VALUES (83, 'Kenan     ', 'Bakara             ', 'E', '1990-04-28 00:00:00', '10B ', NULL, 'Trkiye');
INSERT INTO ogrenci (ogrno, ograd, ogrsoyad, cinsiyet, dtarih, sinif, sehir, dogum_yeri) VALUES (84, 'akir     ', 'Kl               ', 'E', '1990-11-11 00:00:00', '10C ', NULL, 'Trkiye');
INSERT INTO ogrenci (ogrno, ograd, ogrsoyad, cinsiyet, dtarih, sinif, sehir, dogum_yeri) VALUES (85, 'Fidan     ', 'Kl               ', 'K', '1988-11-12 00:00:00', '9A  ', NULL, 'Trkiye');
INSERT INTO ogrenci (ogrno, ograd, ogrsoyad, cinsiyet, dtarih, sinif, sehir, dogum_yeri) VALUES (86, 'Jale      ', 'Karapnar           ', 'K', '1988-07-17 00:00:00', '10C ', NULL, 'Trkiye');
INSERT INTO ogrenci (ogrno, ograd, ogrsoyad, cinsiyet, dtarih, sinif, sehir, dogum_yeri) VALUES (87, 'Sleyman  ', 'Kl               ', 'E', '1988-02-05 00:00:00', '9B  ', NULL, 'Trkiye');
INSERT INTO ogrenci (ogrno, ograd, ogrsoyad, cinsiyet, dtarih, sinif, sehir, dogum_yeri) VALUES (88, 'Ceylan    ', 'Karakaya            ', 'K', '1990-09-07 00:00:00', '10A ', NULL, 'Trkiye');
INSERT INTO ogrenci (ogrno, ograd, ogrsoyad, cinsiyet, dtarih, sinif, sehir, dogum_yeri) VALUES (89, 'Niyazi    ', 'Yazar               ', 'E', '1988-04-23 00:00:00', '10B ', NULL, 'Trkiye');
INSERT INTO ogrenci (ogrno, ograd, ogrsoyad, cinsiyet, dtarih, sinif, sehir, dogum_yeri) VALUES (90, 'Deniz     ', 'Da                 ', 'E', '1988-01-25 00:00:00', '10A ', NULL, 'Trkiye');
INSERT INTO ogrenci (ogrno, ograd, ogrsoyad, cinsiyet, dtarih, sinif, sehir, dogum_yeri) VALUES (91, 'Rza      ', 'ahin               ', 'E', '1990-09-28 00:00:00', '10A ', NULL, 'Trkiye');
INSERT INTO ogrenci (ogrno, ograd, ogrsoyad, cinsiyet, dtarih, sinif, sehir, dogum_yeri) VALUES (92, 'Fatma     ', 'Bakara             ', 'K', '1989-10-15 00:00:00', '10A ', NULL, 'Trkiye');
INSERT INTO ogrenci (ogrno, ograd, ogrsoyad, cinsiyet, dtarih, sinif, sehir, dogum_yeri) VALUES (93, 'Niyazi    ', 'Kabak               ', 'E', '1989-08-02 00:00:00', '9B  ', NULL, 'Trkiye');
INSERT INTO ogrenci (ogrno, ograd, ogrsoyad, cinsiyet, dtarih, sinif, sehir, dogum_yeri) VALUES (94, 'Fadime    ', 'Ezer                ', 'K', '1990-10-16 00:00:00', '11A ', NULL, 'Trkiye');
INSERT INTO ogrenci (ogrno, ograd, ogrsoyad, cinsiyet, dtarih, sinif, sehir, dogum_yeri) VALUES (95, 'Kenan     ', 'Kl               ', 'E', '1988-11-12 00:00:00', '9B  ', NULL, 'Trkiye');
INSERT INTO ogrenci (ogrno, ograd, ogrsoyad, cinsiyet, dtarih, sinif, sehir, dogum_yeri) VALUES (96, 'enol     ', 'Dnmez              ', 'E', '1989-08-19 00:00:00', '10C ', NULL, 'Trkiye');
INSERT INTO ogrenci (ogrno, ograd, ogrsoyad, cinsiyet, dtarih, sinif, sehir, dogum_yeri) VALUES (97, 'Leyla     ', 'Kabak               ', 'K', '1988-10-02 00:00:00', '9A  ', NULL, 'Trkiye');
INSERT INTO ogrenci (ogrno, ograd, ogrsoyad, cinsiyet, dtarih, sinif, sehir, dogum_yeri) VALUES (98, 'Fatma     ', 'Balc               ', 'K', '1989-05-07 00:00:00', '9A  ', NULL, 'Trkiye');
INSERT INTO ogrenci (ogrno, ograd, ogrsoyad, cinsiyet, dtarih, sinif, sehir, dogum_yeri) VALUES (99, 'Eref     ', 'Gven               ', 'E', '1988-01-24 00:00:00', '9A  ', NULL, 'Trkiye');
INSERT INTO ogrenci (ogrno, ograd, ogrsoyad, cinsiyet, dtarih, sinif, sehir, dogum_yeri) VALUES (100, 'Jale      ', 'Sekmen              ', 'K', '1988-04-15 00:00:00', '10B ', NULL, 'Trkiye');
INSERT INTO ogrenci (ogrno, ograd, ogrsoyad, cinsiyet, dtarih, sinif, sehir, dogum_yeri) VALUES (101, 'ALAR', 'ZMC', 'E', NULL, '10A', NULL, 'Trkiye');
INSERT INTO ogrenci (ogrno, ograd, ogrsoyad, cinsiyet, dtarih, sinif, sehir, dogum_yeri) VALUES (102, 'LEYLA', 'ALAGZ', 'K', NULL, '9B', NULL, 'Trkiye');
INSERT INTO ogrenci (ogrno, ograd, ogrsoyad, cinsiyet, dtarih, sinif, sehir, dogum_yeri) VALUES (103, 'Aye', 'Bekta', 'K', NULL, '11C', NULL, 'Trkiye');

-- Table: tur
CREATE TABLE IF NOT EXISTS tur (turno INTEGER PRIMARY KEY, turadi TEXT (30) DEFAULT NULL);
INSERT INTO tur (turno, turadi) VALUES (1, 'Dram                          ');
INSERT INTO tur (turno, turadi) VALUES (2, 'Komedi                        ');
INSERT INTO tur (turno, turadi) VALUES (3, 'Roman                         ');
INSERT INTO tur (turno, turadi) VALUES (4, 'Hikaye                        ');
INSERT INTO tur (turno, turadi) VALUES (5, 'Aratrma                     ');
INSERT INTO tur (turno, turadi) VALUES (6, 'Fkra                         ');
INSERT INTO tur (turno, turadi) VALUES (7, 'Deneme                        ');

-- Table: yazar
CREATE TABLE IF NOT EXISTS yazar (yazarno INTEGER PRIMARY KEY AUTOINCREMENT, yazarad TEXT (20) DEFAULT NULL, yazarsoyad TEXT (20) DEFAULT NULL);
INSERT INTO yazar (yazarno, yazarad, yazarsoyad) VALUES (1, 'Leyla               ', 'elik               ');
INSERT INTO yazar (yazarno, yazarad, yazarsoyad) VALUES (2, 'Zeynep              ', 'Emin                ');
INSERT INTO yazar (yazarno, yazarad, yazarsoyad) VALUES (3, 'Ali                 ', 'Yazar               ');
INSERT INTO yazar (yazarno, yazarad, yazarsoyad) VALUES (4, 'Deniz               ', 'Akpnar             ');
INSERT INTO yazar (yazarno, yazarad, yazarsoyad) VALUES (5, 'Mehmet              ', 'elik               ');
INSERT INTO yazar (yazarno, yazarad, yazarsoyad) VALUES (6, 'Sabri               ', 'Demir               ');
INSERT INTO yazar (yazarno, yazarad, yazarsoyad) VALUES (7, 'Kemal               ', 'Ylbur              ');
INSERT INTO yazar (yazarno, yazarad, yazarsoyad) VALUES (8, 'Remzi               ', 'Rzgar              ');
INSERT INTO yazar (yazarno, yazarad, yazarsoyad) VALUES (9, 'Pnar               ', 'Karaka             ');
INSERT INTO yazar (yazarno, yazarad, yazarsoyad) VALUES (10, 'Remzi               ', 'Rzgar              ');
INSERT INTO yazar (yazarno, yazarad, yazarsoyad) VALUES (11, 'Emin                ', 'Karaka             ');
INSERT INTO yazar (yazarno, yazarad, yazarsoyad) VALUES (12, 'Leyla               ', 'Sevin              ');
INSERT INTO yazar (yazarno, yazarad, yazarsoyad) VALUES (13, 'Fidan               ', 'Akpnar             ');
INSERT INTO yazar (yazarno, yazarad, yazarsoyad) VALUES (14, 'Fadime              ', 'Balc               ');
INSERT INTO yazar (yazarno, yazarad, yazarsoyad) VALUES (15, 'Ceylan              ', 'elik               ');
INSERT INTO yazar (yazarno, yazarad, yazarsoyad) VALUES (16, 'Derya               ', 'Balc               ');
INSERT INTO yazar (yazarno, yazarad, yazarsoyad) VALUES (17, 'Pnar               ', 'Sevin              ');
INSERT INTO yazar (yazarno, yazarad, yazarsoyad) VALUES (18, 'Kenan               ', 'Kabak               ');
INSERT INTO yazar (yazarno, yazarad, yazarsoyad) VALUES (19, 'Sabri               ', 'Can                 ');
INSERT INTO yazar (yazarno, yazarad, yazarsoyad) VALUES (20, 'Emin                ', 'Kara                ');
INSERT INTO yazar (yazarno, yazarad, yazarsoyad) VALUES (21, 'Eref               ', 'Kabak               ');
INSERT INTO yazar (yazarno, yazarad, yazarsoyad) VALUES (22, 'Fidan               ', 'Akta               ');
INSERT INTO yazar (yazarno, yazarad, yazarsoyad) VALUES (23, 'Zeynep              ', 'Bayrak              ');
INSERT INTO yazar (yazarno, yazarad, yazarsoyad) VALUES (24, 'smail              ', 'Yiit               ');
INSERT INTO yazar (yazarno, yazarad, yazarsoyad) VALUES (25, 'Niyazi              ', 'zcan               ');
INSERT INTO yazar (yazarno, yazarad, yazarsoyad) VALUES (26, 'Derya               ', 'Akakaya            ');
INSERT INTO yazar (yazarno, yazarad, yazarsoyad) VALUES (27, 'Mine                ', 'Bakara             ');
INSERT INTO yazar (yazarno, yazarad, yazarsoyad) VALUES (28, 'akir               ', 'Kzltepe           ');
INSERT INTO yazar (yazarno, yazarad, yazarsoyad) VALUES (29, 'Filiz               ', 'Yldz              ');
INSERT INTO yazar (yazarno, yazarad, yazarsoyad) VALUES (30, 'Kemal               ', 'Karakaya            ');

COMMIT TRANSACTION;
PRAGMA foreign_keys = on;
